-- phpMyAdmin SQL Dump
-- version 5.2.1
-- https://www.phpmyadmin.net/
--
-- Host: localhost
-- Generation Time: Feb 25, 2025 at 09:12 PM
-- Server version: 10.4.32-MariaDB
-- PHP Version: 8.2.12

SET SQL_MODE
= "NO_AUTO_VALUE_ON_ZERO";
START TRANSACTION;
SET time_zone
= "+00:00";


/*!40101 SET @OLD_CHARACTER_SET_CLIENT=@@CHARACTER_SET_CLIENT */;
/*!40101 SET @OLD_CHARACTER_SET_RESULTS=@@CHARACTER_SET_RESULTS */;
/*!40101 SET @OLD_COLLATION_CONNECTION=@@COLLATION_CONNECTION */;
/*!40101 SET NAMES utf8mb4 */;

--
-- Database: `little_lemondb`
--

-- --------------------------------------------------------

--
-- Table structure for table `courses`
--

CREATE TABLE `courses`
(
  `CourseID` int
(11) NOT NULL,
  `CourseName` varchar
(100) NOT NULL,
  `CuisineID` int
(11) DEFAULT NULL
) ENGINE=InnoDB DEFAULT CHARSET=utf8mb4 COLLATE=utf8mb4_general_ci;

--
-- Dumping data for table `courses`
--

INSERT INTO `courses` (`
CourseID`,
`CourseName
`, `CuisineID`) VALUES
(1, 'Kabsa', 1),
(2, 'Mandi', 1),
(3, 'Shawarma', 3),
(4, 'Pasta', 2),
(5, 'Pizza', 2),
(6, 'Sushi', 6),
(7, 'Steak', 9),
(8, 'Biryani', 1),
(9, 'Machboos', 1),
(10, 'Jareesh', 1),
(11, 'Mutabbaq', 1),
(12, 'Burger', 9),
(13, 'Falafel', 1),
(14, 'Baguette', 7),
(15, 'Massala', 5),
(16, 'Tandoori Chicken', 5),
(17, 'Butter Chicken', 5),
(18, 'Lasagna', 2),
(19, 'Briam', 8),
(20, 'Burrito', 4),
(21, 'Ramen', 6),
(22, 'Tacos', 4),
(23, 'Chips and Fish', 9),
(24, 'Kebab', 3),
(25, 'Lobster Thermidor', 7);

-- --------------------------------------------------------

--
-- Table structure for table `cuisines`
--

CREATE TABLE `cuisines`
(
  `CuisineID` int
(11) NOT NULL,
  `CuisineName` varchar
(50) NOT NULL
) ENGINE=InnoDB DEFAULT CHARSET=utf8mb4 COLLATE=utf8mb4_general_ci;

--
-- Dumping data for table `cuisines`
--

INSERT INTO `cuisines` (`
CuisineID`,
`CuisineName
`) VALUES
(1, 'Arabic'),
(2, 'Italian'),
(3, 'Turkish'),
(4, 'Mexican'),
(5, 'Indian'),
(6, 'Japanese'),
(7, 'French'),
(8, 'Greek'),
(9, 'Euro-American');

-- --------------------------------------------------------

--
-- Table structure for table `customers`
--

CREATE TABLE `customers`
(
  `CustomerID` varchar
(20) NOT NULL,
  `CustomerName` varchar
(100) NOT NULL,
  `City` varchar
(50) DEFAULT NULL,
  `Country` varchar
(50) DEFAULT NULL,
  `PostalCode` varchar
(20) DEFAULT NULL,
  `CountryCode` varchar
(5) DEFAULT NULL
) ENGINE=InnoDB DEFAULT CHARSET=utf8mb4 COLLATE=utf8mb4_general_ci;

--
-- Dumping data for table `customers`
--

INSERT INTO `customers` (`
CustomerID`,
`CustomerName
`, `City`, `Country`, `PostalCode`, `CountryCode`) VALUES
('SA-10229', 'Khalid Al-Qahtani', 'Abha', 'Saudi Arabia', '12211', 'SA'),
('SA-10370', 'Saad Al-Dossari', 'Madinah', 'Saudi Arabia', '12211', 'SA'),
('SA-10923', 'Sultan Al-Qahtani', 'Hail', 'Saudi Arabia', '31952', 'SA'),
('SA-11049', 'Saad Al-Harbi', 'Madinah', 'Saudi Arabia', '45231', 'SA'),
('SA-11247', 'Yousef Al-Shammari', 'Jeddah', 'Saudi Arabia', '12211', 'SA'),
('SA-11613', 'Ibrahim Al-Ghamdi', 'Hail', 'Saudi Arabia', '88965', 'SA'),
('SA-11708', 'Fahad Al-Shehri', 'Abha', 'Saudi Arabia', '45231', 'SA'),
('SA-11930', 'Ahmed Al-Qahtani', 'Makkah', 'Saudi Arabia', '88965', 'SA'),
('SA-11968', 'Nasser Al-Shammari', 'Buraydah', 'Saudi Arabia', '66598', 'SA'),
('SA-12044', 'Sultan Al-Otaibi', 'Jeddah', 'Saudi Arabia', '65478', 'SA'),
('SA-12045', 'Yousef Al-Fahad', 'Tabuk', 'Saudi Arabia', '31952', 'SA'),
('SA-12240', 'Fahad Al-Otaibi', 'Hail', 'Saudi Arabia', '12345', 'SA'),
('SA-12506', 'Yousef Al-Qahtani', 'Tabuk', 'Saudi Arabia', '12211', 'SA'),
('SA-12514', 'Khalid Al-Shammari', 'Madinah', 'Saudi Arabia', '66598', 'SA'),
('SA-12610', 'Sultan Al-Otaibi', 'Makkah', 'Saudi Arabia', '77412', 'SA'),
('SA-12683', 'Saad Al-Shammari', 'Buraydah', 'Saudi Arabia', '31952', 'SA'),
('SA-12843', 'Yousef Al-Qahtani', 'Makkah', 'Saudi Arabia', '12211', 'SA'),
('SA-12993', 'Saad Al-Rashid', 'Hail', 'Saudi Arabia', '88965', 'SA'),
('SA-13194', 'Ahmed Al-Dossari', 'Abha', 'Saudi Arabia', '88965', 'SA'),
('SA-13349', 'Sultan Al-Shehri', 'Khobar', 'Saudi Arabia', '12345', 'SA'),
('SA-13535', 'Khalid Al-Shehri', 'Hail', 'Saudi Arabia', '12345', 'SA'),
('SA-13866', 'Fahad Al-Qahtani', 'Buraydah', 'Saudi Arabia', '12211', 'SA'),
('SA-14033', 'Mohammed Al-Fahad', 'Abha', 'Saudi Arabia', '12211', 'SA'),
('SA-14190', 'Yousef Al-Shehri', 'Madinah', 'Saudi Arabia', '66598', 'SA'),
('SA-14322', 'Ibrahim Al-Mutairi', 'Abha', 'Saudi Arabia', '12211', 'SA'),
('SA-14398', 'Fahad Al-Shehri', 'Riyadh', 'Saudi Arabia', '66598', 'SA'),
('SA-14653', 'Khalid Al-Qahtani', 'Madinah', 'Saudi Arabia', '54623', 'SA'),
('SA-14675', 'Yousef Al-Qahtani', 'Hail', 'Saudi Arabia', '88965', 'SA'),
('SA-15161', 'Nasser Al-Otaibi', 'Jeddah', 'Saudi Arabia', '23456', 'SA'),
('SA-15249', 'Khalid Al-Mutairi', 'Madinah', 'Saudi Arabia', '77412', 'SA'),
('SA-15667', 'Fahad Al-Dossari', 'Riyadh', 'Saudi Arabia', '77412', 'SA'),
('SA-15759', 'Sultan Al-Otaibi', 'Madinah', 'Saudi Arabia', '31952', 'SA'),
('SA-15977', 'Nasser Al-Harbi', 'Dammam', 'Saudi Arabia', '88965', 'SA'),
('SA-15983', 'Nasser Al-Mutairi', 'Tabuk', 'Saudi Arabia', '12211', 'SA'),
('SA-15995', 'Fahad Al-Shehri', 'Jeddah', 'Saudi Arabia', '88965', 'SA'),
('SA-16552', 'Saad Al-Ghamdi', 'Riyadh', 'Saudi Arabia', '54623', 'SA'),
('SA-17094', 'Khalid Al-Dossari', 'Madinah', 'Saudi Arabia', '54623', 'SA'),
('SA-17121', 'Yousef Al-Shammari', 'Madinah', 'Saudi Arabia', '23456', 'SA'),
('SA-17278', 'Fahad Al-Harbi', 'Tabuk', 'Saudi Arabia', '23456', 'SA'),
('SA-17368', 'Yousef Al-Rashid', 'Makkah', 'Saudi Arabia', '31952', 'SA'),
('SA-17647', 'Fahad Al-Shehri', 'Makkah', 'Saudi Arabia', '23456', 'SA'),
('SA-18190', 'Abdullah Al-Rashid', 'Hail', 'Saudi Arabia', '88965', 'SA'),
('SA-18418', 'Yousef Al-Shehri', 'Khobar', 'Saudi Arabia', '23456', 'SA'),
('SA-18609', 'Khalid Al-Otaibi', 'Jeddah', 'Saudi Arabia', '54623', 'SA'),
('SA-18699', 'Yousef Al-Harbi', 'Hail', 'Saudi Arabia', '54623', 'SA'),
('SA-18915', 'Nasser Al-Ghamdi', 'Makkah', 'Saudi Arabia', '88965', 'SA'),
('SA-19189', 'Fahad Al-Rashid', 'Hail', 'Saudi Arabia', '12345', 'SA'),
('SA-19359', 'Ahmed Al-Fahad', 'Khobar', 'Saudi Arabia', '66598', 'SA'),
('SA-19513', 'Mohammed Al-Fahad', 'Khobar', 'Saudi Arabia', '23456', 'SA'),
('SA-19822', 'Fahad Al-Qahtani', 'Riyadh', 'Saudi Arabia', '54623', 'SA'),
('SA-19849', 'Ahmed Al-Dossari', 'Jeddah', 'Saudi Arabia', '88965', 'SA'),
('SA-19999', 'Abdullah Al-Dossari', 'Madinah', 'Saudi Arabia', '77412', 'SA'),
('SA-20128', 'Nasser Al-Ghamdi', 'Riyadh', 'Saudi Arabia', '12211', 'SA'),
('SA-20131', 'Ahmed Al-Rashid', 'Madinah', 'Saudi Arabia', '31952', 'SA'),
('SA-20526', 'Mohammed Al-Shehri', 'Madinah', 'Saudi Arabia', '12345', 'SA'),
('SA-21032', 'Mohammed Al-Harbi', 'Abha', 'Saudi Arabia', '12211', 'SA'),
('SA-21352', 'Khalid Al-Harbi', 'Jeddah', 'Saudi Arabia', '66598', 'SA'),
('SA-21404', 'Saad Al-Dossari', 'Riyadh', 'Saudi Arabia', '77412', 'SA'),
('SA-21518', 'Abdullah Al-Qahtani', 'Riyadh', 'Saudi Arabia', '12211', 'SA'),
('SA-22447', 'Ibrahim Al-Shammari', 'Hail', 'Saudi Arabia', '66598', 'SA'),
('SA-22559', 'Saad Al-Shammari', 'Khobar', 'Saudi Arabia', '45231', 'SA'),
('SA-22571', 'Fahad Al-Dossari', 'Tabuk', 'Saudi Arabia', '77412', 'SA'),
('SA-22664', 'Fahad Al-Otaibi', 'Hail', 'Saudi Arabia', '31952', 'SA'),
('SA-22930', 'Nasser Al-Fahad', 'Makkah', 'Saudi Arabia', '66598', 'SA'),
('SA-23150', 'Mohammed Al-Shehri', 'Buraydah', 'Saudi Arabia', '88965', 'SA'),
('SA-23536', 'Fahad Al-Harbi', 'Madinah', 'Saudi Arabia', '77412', 'SA'),
('SA-23636', 'Saad Al-Ghamdi', 'Tabuk', 'Saudi Arabia', '12345', 'SA'),
('SA-23800', 'Yousef Al-Rashid', 'Makkah', 'Saudi Arabia', '23456', 'SA'),
('SA-23803', 'Khalid Al-Fahad', 'Hail', 'Saudi Arabia', '12345', 'SA'),
('SA-24049', 'Nasser Al-Zahrani', 'Madinah', 'Saudi Arabia', '45231', 'SA'),
('SA-24132', 'Mohammed Al-Harbi', 'Riyadh', 'Saudi Arabia', '66598', 'SA'),
('SA-24156', 'Sultan Al-Qahtani', 'Tabuk', 'Saudi Arabia', '45231', 'SA'),
('SA-24339', 'Fahad Al-Dossari', 'Riyadh', 'Saudi Arabia', '65478', 'SA'),
('SA-24529', 'Khalid Al-Qahtani', 'Tabuk', 'Saudi Arabia', '54623', 'SA'),
('SA-24650', 'Sultan Al-Qahtani', 'Riyadh', 'Saudi Arabia', '23456', 'SA'),
('SA-24734', 'Ibrahim Al-Fahad', 'Dammam', 'Saudi Arabia', '77412', 'SA'),
('SA-24816', 'Ahmed Al-Qahtani', 'Madinah', 'Saudi Arabia', '12211', 'SA'),
('SA-25261', 'Ibrahim Al-Fahad', 'Abha', 'Saudi Arabia', '12211', 'SA'),
('SA-25299', 'Abdullah Al-Fahad', 'Jeddah', 'Saudi Arabia', '23456', 'SA'),
('SA-25533', 'Nasser Al-Fahad', 'Abha', 'Saudi Arabia', '77412', 'SA'),
('SA-25678', 'Nasser Al-Qahtani', 'Tabuk', 'Saudi Arabia', '77412', 'SA'),
('SA-26908', 'Yousef Al-Rashid', 'Riyadh', 'Saudi Arabia', '65478', 'SA'),
('SA-26927', 'Ahmed Al-Qahtani', 'Riyadh', 'Saudi Arabia', '65478', 'SA'),
('SA-27368', 'Khalid Al-Fahad', 'Makkah', 'Saudi Arabia', '23456', 'SA'),
('SA-27391', 'Khalid Al-Qahtani', 'Tabuk', 'Saudi Arabia', '77412', 'SA'),
('SA-27611', 'Nasser Al-Shammari', 'Khobar', 'Saudi Arabia', '12211', 'SA'),
('SA-27682', 'Fahad Al-Rashid', 'Hail', 'Saudi Arabia', '45231', 'SA'),
('SA-28124', 'Ibrahim Al-Harbi', 'Makkah', 'Saudi Arabia', '31952', 'SA'),
('SA-28137', 'Fahad Al-Shammari', 'Buraydah', 'Saudi Arabia', '66598', 'SA'),
('SA-28158', 'Sultan Al-Shehri', 'Makkah', 'Saudi Arabia', '54623', 'SA'),
('SA-28231', 'Yousef Al-Shammari', 'Khobar', 'Saudi Arabia', '65478', 'SA'),
('SA-28321', 'Sultan Al-Qahtani', 'Makkah', 'Saudi Arabia', '65478', 'SA'),
('SA-28500', 'Saad Al-Qahtani', 'Abha', 'Saudi Arabia', '12211', 'SA'),
('SA-28506', 'Saad Al-Mutairi', 'Madinah', 'Saudi Arabia', '54623', 'SA'),
('SA-28740', 'Abdullah Al-Ghamdi', 'Riyadh', 'Saudi Arabia', '12345', 'SA'),
('SA-29014', 'Mohammed Al-Harbi', 'Madinah', 'Saudi Arabia', '88965', 'SA'),
('SA-29028', 'Sultan Al-Qahtani', 'Riyadh', 'Saudi Arabia', '31952', 'SA'),
('SA-29564', 'Khalid Al-Ghamdi', 'Tabuk', 'Saudi Arabia', '66598', 'SA'),
('SA-29591', 'Khalid Al-Fahad', 'Dammam', 'Saudi Arabia', '77412', 'SA'),
('SA-29650', 'Mohammed Abdulrahman', 'Madinah', 'Saudi Arabia', '31952', 'SA'),
('SA-29666', 'Sultan Al-Dossari', 'Jeddah', 'Saudi Arabia', '54623', 'SA'),
('SA-29683', 'Abdullah Al-Ghamdi', 'Abha', 'Saudi Arabia', '45231', 'SA'),
('SA-29890', 'Mohammed Al-Shehri', 'Makkah', 'Saudi Arabia', '31952', 'SA'),
('SA-29908', 'Ibrahim Al-Shammari', 'Makkah', 'Saudi Arabia', '66598', 'SA'),
('SA-30027', 'Ahmed Al-Mutairi', 'Riyadh', 'Saudi Arabia', '88965', 'SA'),
('SA-30161', 'Saad Al-Dossari', 'Abha', 'Saudi Arabia', '12211', 'SA'),
('SA-30380', 'Saad Al-Mutairi', 'Dammam', 'Saudi Arabia', '65478', 'SA'),
('SA-30456', 'Ibrahim Al-Shehri', 'Abha', 'Saudi Arabia', '77412', 'SA'),
('SA-30915', 'Sultan Al-Dossari', 'Jeddah', 'Saudi Arabia', '66598', 'SA'),
('SA-31378', 'Ahmed Al-Qahtani', 'Hail', 'Saudi Arabia', '54623', 'SA'),
('SA-31486', 'Nasser Al-Fahad', 'Dammam', 'Saudi Arabia', '77412', 'SA'),
('SA-31511', 'Ahmed Al-Dossari', 'Tabuk', 'Saudi Arabia', '45231', 'SA'),
('SA-31834', 'Nasser Al-Otaibi', 'Makkah', 'Saudi Arabia', '65478', 'SA'),
('SA-31915', 'Khalid Al-Shehri', 'Riyadh', 'Saudi Arabia', '12211', 'SA'),
('SA-32355', 'Khalid Al-Ghamdi', 'Buraydah', 'Saudi Arabia', '65478', 'SA'),
('SA-32450', 'Hamad Ahmad', 'Jeddah', 'Saudi Arabia', '88965', 'SA'),
('SA-32959', 'Sultan Al-Shammari', 'Buraydah', 'Saudi Arabia', '12211', 'SA'),
('SA-32991', 'Yousef Al-Qahtani', 'Dammam', 'Saudi Arabia', '31952', 'SA'),
('SA-33166', 'Fahad Al-Rashid', 'Riyadh', 'Saudi Arabia', '12211', 'SA'),
('SA-33289', 'Yousef Al-Shehri', 'Buraydah', 'Saudi Arabia', '12345', 'SA'),
('SA-33453', 'Yousef Al-Mutairi', 'Makkah', 'Saudi Arabia', '65478', 'SA'),
('SA-33465', 'Ibrahim Al-Harbi', 'Riyadh', 'Saudi Arabia', '77412', 'SA'),
('SA-33546', 'Sultan Al-Dossari', 'Dammam', 'Saudi Arabia', '66598', 'SA'),
('SA-33592', 'Nasser Al-Otaibi', 'Buraydah', 'Saudi Arabia', '12211', 'SA'),
('SA-33845', 'Ibrahim Al-Qahtani', 'Tabuk', 'Saudi Arabia', '45231', 'SA'),
('SA-33920', 'Mohammed Al-Shammari', 'Jeddah', 'Saudi Arabia', '45231', 'SA'),
('SA-34034', 'Yousef Al-Fahad', 'Dammam', 'Saudi Arabia', '88965', 'SA'),
('SA-34591', 'Nasser Al-Dossari', 'Dammam', 'Saudi Arabia', '65478', 'SA'),
('SA-34614', 'Ahmed Al-Otaibi', 'Madinah', 'Saudi Arabia', '45231', 'SA'),
('SA-34659', 'Saad Mohammad', 'Jeddah', 'Saudi Arabia', '12211', 'SA'),
('SA-34769', 'Saad Al-Dossari', 'Khobar', 'Saudi Arabia', '12211', 'SA'),
('SA-35193', 'Fahad Al-Qahtani', 'Makkah', 'Saudi Arabia', '45231', 'SA'),
('SA-35311', 'Yousef Al-Otaibi', 'Dammam', 'Saudi Arabia', '45231', 'SA'),
('SA-35600', 'Fahad Al-Mutairi', 'Makkah', 'Saudi Arabia', '88965', 'SA'),
('SA-35761', 'Khalid Al-Shehri', 'Riyadh', 'Saudi Arabia', '54623', 'SA'),
('SA-35952', 'Fahad Al-Qahtani', 'Makkah', 'Saudi Arabia', '88965', 'SA'),
('SA-36470', 'Saad Al-Mutairi', 'Madinah', 'Saudi Arabia', '66598', 'SA'),
('SA-36502', 'Sultan Al-Shammari', 'Hail', 'Saudi Arabia', '45231', 'SA'),
('SA-36806', 'Nasser Al-Ghamdi', 'Hail', 'Saudi Arabia', '12211', 'SA'),
('SA-36925', 'Mohammed Al-Shammari', 'Riyadh', 'Saudi Arabia', '77412', 'SA'),
('SA-37075', 'Yousef Al-Harbi', 'Tabuk', 'Saudi Arabia', '12211', 'SA'),
('SA-37529', 'Ahmed Al-Qahtani', 'Riyadh', 'Saudi Arabia', '77412', 'SA'),
('SA-37712', 'Fahad Al-Shehri', 'Riyadh', 'Saudi Arabia', '66598', 'SA'),
('SA-37765', 'Yousef Al-Shehri', 'Jeddah', 'Saudi Arabia', '31952', 'SA'),
('SA-38371', 'Ibrahim Al-Mutairi', 'Madinah', 'Saudi Arabia', '12211', 'SA'),
('SA-38643', 'Ibrahim Al-Fahad', 'Makkah', 'Saudi Arabia', '66598', 'SA'),
('SA-38761', 'Abdullah Al-Otaibi', 'Makkah', 'Saudi Arabia', '12345', 'SA'),
('SA-38826', 'Nasser Al-Ghamdi', 'Abha', 'Saudi Arabia', '12345', 'SA'),
('SA-39024', 'Ahmed Al-Rashid', 'Dammam', 'Saudi Arabia', '54623', 'SA'),
('SA-39166', 'Khalid Al-Mutairi', 'Tabuk', 'Saudi Arabia', '77412', 'SA'),
('SA-39640', 'Ahmed Al-Shehri', 'Riyadh', 'Saudi Arabia', '65478', 'SA'),
('SA-39891', 'Saad Al-Shammari', 'Hail', 'Saudi Arabia', '12345', 'SA'),
('SA-40309', 'Ibrahim Al-Mutairi', 'Tabuk', 'Saudi Arabia', '23456', 'SA'),
('SA-40605', 'Fahad Al-Rashid', 'Hail', 'Saudi Arabia', '65478', 'SA'),
('SA-40721', 'Ahmed Al-Harbi', 'Jeddah', 'Saudi Arabia', '12211', 'SA'),
('SA-40830', 'Abdullah Al-Harbi', 'Jeddah', 'Saudi Arabia', '45231', 'SA'),
('SA-40944', 'Fahad Al-Harbi', 'Hail', 'Saudi Arabia', '45231', 'SA'),
('SA-41147', 'Sultan Al-Otaibi', 'Khobar', 'Saudi Arabia', '65478', 'SA'),
('SA-41448', 'Sultan Al-Harbi', 'Jeddah', 'Saudi Arabia', '88965', 'SA'),
('SA-41497', 'Ahmed Al-Shehri', 'Jeddah', 'Saudi Arabia', '23456', 'SA'),
('SA-41850', 'Ibrahim Al-Otaibi', 'Abha', 'Saudi Arabia', '12211', 'SA'),
('SA-42176', 'Mohammed Al-Fahad', 'Riyadh', 'Saudi Arabia', '66598', 'SA'),
('SA-42306', 'Khalid Al-Harbi', 'Riyadh', 'Saudi Arabia', '45231', 'SA'),
('SA-42370', 'Abdullah Al-Dossari', 'Hail', 'Saudi Arabia', '31952', 'SA'),
('SA-42519', 'Ahmed Al-Mutairi', 'Jeddah', 'Saudi Arabia', '12345', 'SA'),
('SA-43272', 'Ibrahim Al-Rashid', 'Madinah', 'Saudi Arabia', '65478', 'SA'),
('SA-43327', 'Ibrahim Al-Ghamdi', 'Madinah', 'Saudi Arabia', '23456', 'SA'),
('SA-43841', 'Sultan Al-Fahad', 'Riyadh', 'Saudi Arabia', '23456', 'SA'),
('SA-43920', 'Sultan Al-Rashid', 'Madinah', 'Saudi Arabia', '12211', 'SA'),
('SA-43992', 'Ahmed Al-Dossari', 'Dammam', 'Saudi Arabia', '66598', 'SA'),
('SA-44209', 'Khalid Al-Otaibi', 'Abha', 'Saudi Arabia', '65478', 'SA'),
('SA-44973', 'Ibrahim Al-Fahad', 'Khobar', 'Saudi Arabia', '31952', 'SA'),
('SA-45088', 'Sultan Al-Fahad', 'Makkah', 'Saudi Arabia', '88965', 'SA'),
('SA-45333', 'Mohammed Al-Dossari', 'Hail', 'Saudi Arabia', '65478', 'SA'),
('SA-45374', 'Ibrahim Al-Otaibi', 'Abha', 'Saudi Arabia', '23456', 'SA'),
('SA-45662', 'Ahmed Al-Otaibi', 'Khobar', 'Saudi Arabia', '12345', 'SA'),
('SA-45819', 'Abdullah Al-Mutairi', 'Jeddah', 'Saudi Arabia', '65478', 'SA'),
('SA-46142', 'Sultan Al-Dossari', 'Khobar', 'Saudi Arabia', '31952', 'SA'),
('SA-46199', 'Ahmed Al-Shehri', 'Jeddah', 'Saudi Arabia', '77412', 'SA'),
('SA-46235', 'Fahad Al-Rashid', 'Hail', 'Saudi Arabia', '54623', 'SA'),
('SA-46330', 'Nasser Al-Dossari', 'Madinah', 'Saudi Arabia', '65478', 'SA'),
('SA-46383', 'Sultan Al-Shehri', 'Buraydah', 'Saudi Arabia', '31952', 'SA'),
('SA-46750', 'Fahad Al-Shehri', 'Hail', 'Saudi Arabia', '65478', 'SA'),
('SA-46975', 'Abdullah Al-Fahad', 'Hail', 'Saudi Arabia', '77412', 'SA'),
('SA-47047', 'Abdullah Al-Harbi', 'Dammam', 'Saudi Arabia', '77412', 'SA'),
('SA-47263', 'Ibrahim Al-Rashid', 'Khobar', 'Saudi Arabia', '12211', 'SA'),
('SA-47297', 'Ahmed Al-Rashid', 'Abha', 'Saudi Arabia', '45231', 'SA'),
('SA-47449', 'Nasser Al-Shehri', 'Hail', 'Saudi Arabia', '23456', 'SA'),
('SA-47574', 'Ibrahim Al-Ghamdi', 'Riyadh', 'Saudi Arabia', '66598', 'SA'),
('SA-48037', 'Yousef Al-Mutairi', 'Madinah', 'Saudi Arabia', '31952', 'SA'),
('SA-48212', 'Yousef Al-Shehri', 'Buraydah', 'Saudi Arabia', '23456', 'SA'),
('SA-48503', 'Mohammed Al-Ghamdi', 'Dammam', 'Saudi Arabia', '88965', 'SA'),
('SA-48707', 'Sultan Al-Ghamdi', 'Tabuk', 'Saudi Arabia', '88965', 'SA'),
('SA-48855', 'Nasser Al-Ghamdi', 'Khobar', 'Saudi Arabia', '12211', 'SA'),
('SA-48887', 'Mohammed Al-Fahad', 'Khobar', 'Saudi Arabia', '45231', 'SA'),
('SA-48907', 'Saad Al-Dossari', 'Abha', 'Saudi Arabia', '12345', 'SA'),
('SA-48919', 'Sultan Al-Mutairi', 'Tabuk', 'Saudi Arabia', '88965', 'SA'),
('SA-48957', 'Ibrahim Al-Shehri', 'Abha', 'Saudi Arabia', '54623', 'SA'),
('SA-49011', 'Mohammed Al-Qahtani', 'Madinah', 'Saudi Arabia', '12211', 'SA'),
('SA-49149', 'Ibrahim Al-Shehri', 'Abha', 'Saudi Arabia', '65478', 'SA'),
('SA-49332', 'Yousef Al-Shehri', 'Buraydah', 'Saudi Arabia', '54623', 'SA'),
('SA-49458', 'Khalid Al-Ghamdi', 'Buraydah', 'Saudi Arabia', '54623', 'SA'),
('SA-49596', 'Sultan Al-Rashid', 'Hail', 'Saudi Arabia', '31952', 'SA'),
('SA-49607', 'Saad Al-Shehri', 'Dammam', 'Saudi Arabia', '88965', 'SA'),
('SA-49660', 'Mohammed Al-Fahad', 'Riyadh', 'Saudi Arabia', '54623', 'SA'),
('SA-49759', 'Ahmed Al-Ghamdi', 'Buraydah', 'Saudi Arabia', '54623', 'SA'),
('SA-49825', 'Mohammed Al-Mutairi', 'Tabuk', 'Saudi Arabia', '88965', 'SA'),
('SA-50234', 'Fahad Al-Rashid', 'Riyadh', 'Saudi Arabia', '88965', 'SA'),
('SA-50239', 'Mohammed Al-Qahtani', 'Makkah', 'Saudi Arabia', '23456', 'SA'),
('SA-50335', 'Yousef Al-Rashid', 'Hail', 'Saudi Arabia', '66598', 'SA'),
('SA-50398', 'Fahad Al-Shehri', 'Buraydah', 'Saudi Arabia', '77412', 'SA'),
('SA-50400', 'Ibrahim Al-Dossari', 'Tabuk', 'Saudi Arabia', '65478', 'SA'),
('SA-50655', 'Ahmed Al-Harbi', 'Riyadh', 'Saudi Arabia', '31952', 'SA'),
('SA-50754', 'Yousef Al-Rashid', 'Madinah', 'Saudi Arabia', '77412', 'SA'),
('SA-51198', 'Ibrahim Al-Mutairi', 'Tabuk', 'Saudi Arabia', '66598', 'SA'),
('SA-51247', 'Khalid Al-Harbi', 'Dammam', 'Saudi Arabia', '54623', 'SA'),
('SA-51296', 'Mohammed Al-Mutairi', 'Hail', 'Saudi Arabia', '65478', 'SA'),
('SA-51355', 'Ibrahim Al-Mutairi', 'Tabuk', 'Saudi Arabia', '65478', 'SA'),
('SA-51386', 'Yousef Al-Otaibi', 'Khobar', 'Saudi Arabia', '77412', 'SA'),
('SA-51470', 'Sultan Al-Harbi', 'Dammam', 'Saudi Arabia', '12211', 'SA'),
('SA-51592', 'Sultan Al-Qahtani', 'Madinah', 'Saudi Arabia', '31952', 'SA'),
('SA-52037', 'Abdullah Al-Dossari', 'Makkah', 'Saudi Arabia', '66598', 'SA'),
('SA-52048', 'Saad Al-Mutairi', 'Madinah', 'Saudi Arabia', '12211', 'SA'),
('SA-52165', 'Ibrahim Al-Qahtani', 'Buraydah', 'Saudi Arabia', '23456', 'SA'),
('SA-52258', 'Ibrahim Al-Dossari', 'Abha', 'Saudi Arabia', '66598', 'SA'),
('SA-52326', 'Abdullah Al-Harbi', 'Jeddah', 'Saudi Arabia', '45231', 'SA'),
('SA-52333', 'Abdullah Al-Otaibi', 'Dammam', 'Saudi Arabia', '88965', 'SA'),
('SA-52346', 'Sultan Al-Dossari', 'Buraydah', 'Saudi Arabia', '65478', 'SA'),
('SA-52349', 'Fahad Al-Shammari', 'Khobar', 'Saudi Arabia', '54623', 'SA'),
('SA-52474', 'Abdullah Al-Shammari', 'Tabuk', 'Saudi Arabia', '45231', 'SA'),
('SA-52653', 'Saad Al-Ghamdi', 'Buraydah', 'Saudi Arabia', '12211', 'SA'),
('SA-52679', 'Mohammed Al-Harbi', 'Buraydah', 'Saudi Arabia', '45231', 'SA'),
('SA-52857', 'Fahad Al-Dossari', 'Jeddah', 'Saudi Arabia', '77412', 'SA'),
('SA-53007', 'Abdullah Al-Mutairi', 'Tabuk', 'Saudi Arabia', '23456', 'SA'),
('SA-53132', 'Abdullah Al-Harbi', 'Tabuk', 'Saudi Arabia', '45231', 'SA'),
('SA-53199', 'Mohammed Al-Qahtani', 'Jeddah', 'Saudi Arabia', '65478', 'SA'),
('SA-53249', 'Saad Al-Rashid', 'Makkah', 'Saudi Arabia', '23456', 'SA'),
('SA-53390', 'Khalid Al-Qahtani', 'Khobar', 'Saudi Arabia', '23456', 'SA'),
('SA-53470', 'Sultan Al-Shehri', 'Tabuk', 'Saudi Arabia', '12211', 'SA'),
('SA-53619', 'Yousef Al-Fahad', 'Jeddah', 'Saudi Arabia', '54623', 'SA'),
('SA-54186', 'Saad Al-Shehri', 'Abha', 'Saudi Arabia', '31952', 'SA'),
('SA-54243', 'Abdullah Al-Ghamdi', 'Abha', 'Saudi Arabia', '12211', 'SA'),
('SA-54587', 'Ibrahim Al-Rashid', 'Makkah', 'Saudi Arabia', '65478', 'SA'),
('SA-54597', 'Ibrahim Al-Qahtani', 'Dammam', 'Saudi Arabia', '12345', 'SA'),
('SA-54685', 'Saad Al-Ghamdi', 'Jeddah', 'Saudi Arabia', '88965', 'SA'),
('SA-55027', 'Nasser Al-Mutairi', 'Abha', 'Saudi Arabia', '66598', 'SA'),
('SA-55487', 'Saad Al-Ghamdi', 'Jeddah', 'Saudi Arabia', '12345', 'SA'),
('SA-55677', 'Khalid Al-Harbi', 'Abha', 'Saudi Arabia', '45231', 'SA'),
('SA-55746', 'Ibrahim Al-Mutairi', 'Jeddah', 'Saudi Arabia', '77412', 'SA'),
('SA-55877', 'Fahad Al-Shehri', 'Dammam', 'Saudi Arabia', '66598', 'SA'),
('SA-56614', 'Yousef Al-Fahad', 'Abha', 'Saudi Arabia', '12345', 'SA'),
('SA-56708', 'Ahmed Al-Harbi', 'Madinah', 'Saudi Arabia', '88965', 'SA'),
('SA-56722', 'Mohammed Al-Mutairi', 'Madinah', 'Saudi Arabia', '54623', 'SA'),
('SA-56809', 'Ahmed Al-Fahad', 'Buraydah', 'Saudi Arabia', '77412', 'SA'),
('SA-56963', 'Yousef Al-Ghamdi', 'Abha', 'Saudi Arabia', '12345', 'SA'),
('SA-57340', 'Abdullah Al-Fahad', 'Jeddah', 'Saudi Arabia', '12211', 'SA'),
('SA-57397', 'Ahmed Al-Dossari', 'Riyadh', 'Saudi Arabia', '54623', 'SA'),
('SA-57442', 'Yousef Al-Rashid', 'Makkah', 'Saudi Arabia', '12345', 'SA'),
('SA-57679', 'Ahmed Al-Shammari', 'Riyadh', 'Saudi Arabia', '31952', 'SA'),
('SA-58352', 'Ahmed Al-Mutairi', 'Makkah', 'Saudi Arabia', '45231', 'SA'),
('SA-58425', 'Khalid Al-Otaibi', 'Riyadh', 'Saudi Arabia', '54623', 'SA'),
('SA-58473', 'Saad Al-Fahad', 'Dammam', 'Saudi Arabia', '54623', 'SA'),
('SA-58506', 'Ahmed Al-Mutairi', 'Dammam', 'Saudi Arabia', '23456', 'SA'),
('SA-58612', 'Mohammed Al-Shehri', 'Hail', 'Saudi Arabia', '45231', 'SA'),
('SA-58857', 'Sultan Al-Fahad', 'Dammam', 'Saudi Arabia', '31952', 'SA'),
('SA-58903', 'Nasser Al-Shammari', 'Riyadh', 'Saudi Arabia', '12211', 'SA'),
('SA-58978', 'Nasser Al-Qahtani', 'Hail', 'Saudi Arabia', '12211', 'SA'),
('SA-59390', 'Fahad Al-Shammari', 'Dammam', 'Saudi Arabia', '66598', 'SA'),
('SA-59506', 'Fahad Al-Dossari', 'Tabuk', 'Saudi Arabia', '12211', 'SA'),
('SA-59762', 'Sultan Al-Zahrani', 'Riyadh', 'Saudi Arabia', '23456', 'SA'),
('SA-59873', 'Ahmed Al-Mutairi', 'Makkah', 'Saudi Arabia', '12345', 'SA'),
('SA-59898', 'Nasser Al-Rashid', 'Makkah', 'Saudi Arabia', '45231', 'SA'),
('SA-60166', 'Abdullah Al-Otaibi', 'Dammam', 'Saudi Arabia', '88965', 'SA'),
('SA-60937', 'Mohammed Al-Shammari', 'Tabuk', 'Saudi Arabia', '23456', 'SA'),
('SA-60958', 'Nasser Al-Ghamdi', 'Makkah', 'Saudi Arabia', '45231', 'SA'),
('SA-61041', 'Sultan Al-Fahad', 'Jeddah', 'Saudi Arabia', '45231', 'SA'),
('SA-61761', 'Saad Al-Shehri', 'Khobar', 'Saudi Arabia', '31952', 'SA'),
('SA-61868', 'Ahmed Al-Shammari', 'Dammam', 'Saudi Arabia', '12211', 'SA'),
('SA-61904', 'Sultan Al-Dossari', 'Dammam', 'Saudi Arabia', '88965', 'SA'),
('SA-61933', 'Fahad Al-Fahad', 'Hail', 'Saudi Arabia', '12345', 'SA'),
('SA-61971', 'Ibrahim Al-Dossari', 'Taif', 'Saudi Arabia', '26338', 'SA'),
('SA-62067', 'Abdullah Al-Rashid', 'Abha', 'Saudi Arabia', '31952', 'SA'),
('SA-62107', 'Khalid Al-Qahtani', 'Khobar', 'Saudi Arabia', '23456', 'SA'),
('SA-62337', 'Nasser Al-Ghamdi', 'Buraydah', 'Saudi Arabia', '45231', 'SA'),
('SA-62449', 'Abdullah Al-Dossari', 'Buraydah', 'Saudi Arabia', '12345', 'SA'),
('SA-62524', 'Ahmed Al-Harbi', 'Riyadh', 'Saudi Arabia', '45231', 'SA'),
('SA-62744', 'Mohammed Al-Shammari', 'Hail', 'Saudi Arabia', '66598', 'SA'),
('SA-62877', 'Nasser Al-Qahtani', 'Abha', 'Saudi Arabia', '65478', 'SA'),
('SA-63088', 'Khalid Al-Mutairi', 'Jeddah', 'Saudi Arabia', '12211', 'SA'),
('SA-63910', 'Abdullah Al-Rashid', 'Hail', 'Saudi Arabia', '12211', 'SA'),
('SA-64107', 'Abdullah Al-Otaibi', 'Jeddah', 'Saudi Arabia', '31952', 'SA'),
('SA-64229', 'Mohammed Al-Shehri', 'Madinah', 'Saudi Arabia', '88965', 'SA'),
('SA-64275', 'Saad Al-Otaibi', 'Riyadh', 'Saudi Arabia', '65478', 'SA'),
('SA-64539', 'Ibrahim Al-Harbi', 'Khobar', 'Saudi Arabia', '88965', 'SA'),
('SA-64684', 'Nasser Al-Fahad', 'Buraydah', 'Saudi Arabia', '66598', 'SA'),
('SA-64806', 'Ahmed Al-Ghamdi', 'Hail', 'Saudi Arabia', '54623', 'SA'),
('SA-64890', 'Sultan Al-Dossari', 'Riyadh', 'Saudi Arabia', '65478', 'SA'),
('SA-65082', 'Mohammed Al-Ghamdi', 'Abha', 'Saudi Arabia', '88965', 'SA'),
('SA-65190', 'Ibrahim Al-Qahtani', 'Khobar', 'Saudi Arabia', '12211', 'SA'),
('SA-65301', 'Khalid Al-Shammari', 'Dammam', 'Saudi Arabia', '54623', 'SA'),
('SA-65331', 'Ibrahim Al-Harbi', 'Tabuk', 'Saudi Arabia', '31952', 'SA'),
('SA-65478', 'Ibrahim Al-Otaibi', 'Dammam', 'Saudi Arabia', '31952', 'SA'),
('SA-65717', 'Fahad Al-Ghamdi', 'Abha', 'Saudi Arabia', '54623', 'SA'),
('SA-65756', 'Ahmed Al-Shehri', 'Riyadh', 'Saudi Arabia', '31952', 'SA'),
('SA-66123', 'Ahmed Al-Otaibi', 'Tabuk', 'Saudi Arabia', '12211', 'SA'),
('SA-66199', 'Mohammed Al-Shammari', 'Madinah', 'Saudi Arabia', '45231', 'SA'),
('SA-66392', 'Mohammed Al-Shehri', 'Tabuk', 'Saudi Arabia', '54623', 'SA'),
('SA-66417', 'Sultan Al-Mutairi', 'Makkah', 'Saudi Arabia', '54623', 'SA'),
('SA-66423', 'Yousef Al-Ghamdi', 'Riyadh', 'Saudi Arabia', '77412', 'SA'),
('SA-66577', 'Sultan Al-Otaibi', 'Makkah', 'Saudi Arabia', '45231', 'SA'),
('SA-66889', 'Abdullah Al-Fahad', 'Tabuk', 'Saudi Arabia', '65478', 'SA'),
('SA-67243', 'Abdullah Al-Qahtani', 'Buraydah', 'Saudi Arabia', '23456', 'SA'),
('SA-67388', 'Abdullah Al-Harbi', 'Khobar', 'Saudi Arabia', '65478', 'SA'),
('SA-67604', 'Abdullah Al-Fahad', 'Hail', 'Saudi Arabia', '45231', 'SA'),
('SA-67793', 'Ibrahim Al-Otaibi', 'Tabuk', 'Saudi Arabia', '88965', 'SA'),
('SA-67912', 'Yousef Al-Shehri', 'Makkah', 'Saudi Arabia', '23456', 'SA'),
('SA-67923', 'Ibrahim Al-Rashid', 'Madinah', 'Saudi Arabia', '12211', 'SA'),
('SA-68005', 'Ibrahim Al-Dossari', 'Tabuk', 'Saudi Arabia', '45231', 'SA'),
('SA-68330', 'Sultan Al-Otaibi', 'Makkah', 'Saudi Arabia', '12211', 'SA'),
('SA-68360', 'Mohammed Al-Shammari', 'Tabuk', 'Saudi Arabia', '77412', 'SA'),
('SA-68603', 'Nasser Al-Shammari', 'Abha', 'Saudi Arabia', '45231', 'SA'),
('SA-68674', 'Abdullah Al-Shammari', 'Jeddah', 'Saudi Arabia', '12211', 'SA'),
('SA-68834', 'Khalid Al-Shammari', 'Madinah', 'Saudi Arabia', '23456', 'SA'),
('SA-68904', 'Abdullah Al-Qahtani', 'Makkah', 'Saudi Arabia', '23456', 'SA'),
('SA-69076', 'Khalid Al-Ghamdi', 'Hail', 'Saudi Arabia', '77412', 'SA'),
('SA-69189', 'Saad Al-Otaibi', 'Jeddah', 'Saudi Arabia', '88965', 'SA'),
('SA-69332', 'Mohammed Al-Shammari', 'Abha', 'Saudi Arabia', '66598', 'SA'),
('SA-69503', 'Ibrahim Al-Rashid', 'Dammam', 'Saudi Arabia', '12211', 'SA'),
('SA-69627', 'Ahmed Al-Shammari', 'Jeddah', 'Saudi Arabia', '12345', 'SA'),
('SA-69882', 'Sultan Al-Dossari', 'Makkah', 'Saudi Arabia', '45231', 'SA'),
('SA-70281', 'Ibrahim Al-Shammari', 'Abha', 'Saudi Arabia', '65478', 'SA'),
('SA-70867', 'Mohammed Al-Dossari', 'Riyadh', 'Saudi Arabia', '54623', 'SA'),
('SA-70933', 'Yousef Al-Qahtani', 'Hail', 'Saudi Arabia', '31952', 'SA'),
('SA-71729', 'Sultan Al-Harbi', 'Madinah', 'Saudi Arabia', '12211', 'SA'),
('SA-71871', 'Ibrahim Al-Mutairi', 'Dammam', 'Saudi Arabia', '12345', 'SA'),
('SA-72283', 'Ibrahim Al-Rashid', 'Tabuk', 'Saudi Arabia', '66598', 'SA'),
('SA-72384', 'Abdullah Al-Shehri', 'Tabuk', 'Saudi Arabia', '12345', 'SA'),
('SA-72559', 'Khalid Al-Dossari', 'Madinah', 'Saudi Arabia', '12345', 'SA'),
('SA-72656', 'Khalid Al-Shammari', 'Riyadh', 'Saudi Arabia', '12211', 'SA'),
('SA-72826', 'Ahmed Al-Shammari', 'Makkah', 'Saudi Arabia', '77412', 'SA'),
('SA-72839', 'Mohammed Al-Fahad', 'Hail', 'Saudi Arabia', '45231', 'SA'),
('SA-73416', 'Khalid Al-Ghamdi', 'Hail', 'Saudi Arabia', '12345', 'SA'),
('SA-73568', 'Mohammed Al-Qahtani', 'Dammam', 'Saudi Arabia', '12345', 'SA'),
('SA-73822', 'Khalid Al-Dossari', 'Hail', 'Saudi Arabia', '88965', 'SA'),
('SA-73914', 'Sultan Al-Shehri', 'Madinah', 'Saudi Arabia', '31952', 'SA'),
('SA-74307', 'Saad Al-Fahad', 'Abha', 'Saudi Arabia', '31952', 'SA'),
('SA-74364', 'Ahmed Al-Qahtani', 'Riyadh', 'Saudi Arabia', '66598', 'SA'),
('SA-74563', 'Mohammed Al-Mutairi', 'Dammam', 'Saudi Arabia', '88965', 'SA'),
('SA-74807', 'Abdullah Al-Shammari', 'Abha', 'Saudi Arabia', '23456', 'SA'),
('SA-75615', 'Ibrahim Al-Harbi', 'Madinah', 'Saudi Arabia', '88965', 'SA'),
('SA-75958', 'Yousef Al-Dossari', 'Jeddah', 'Saudi Arabia', '66598', 'SA'),
('SA-76007', 'Fahad Al-Dossari', 'Tabuk', 'Saudi Arabia', '88965', 'SA'),
('SA-76009', 'Ahmed Al-Fahad', 'Buraydah', 'Saudi Arabia', '31952', 'SA'),
('SA-76550', 'Fahad Al-Qahtani', 'Madinah', 'Saudi Arabia', '88965', 'SA'),
('SA-77054', 'Saad Al-Fahad', 'Tabuk', 'Saudi Arabia', '66598', 'SA'),
('SA-77056', 'Saad Al-Mutairi', 'Dammam', 'Saudi Arabia', '88965', 'SA'),
('SA-77207', 'Abdullah Al-Rashid', 'Jeddah', 'Saudi Arabia', '88965', 'SA'),
('SA-77235', 'Saad Al-Rashid', 'Abha', 'Saudi Arabia', '54623', 'SA'),
('SA-77239', 'Nasser Al-Harbi', 'Makkah', 'Saudi Arabia', '88965', 'SA'),
('SA-77355', 'Fahad Al-Dossari', 'Makkah', 'Saudi Arabia', '54623', 'SA'),
('SA-77536', 'Saad Al-Ghamdi', 'Hail', 'Saudi Arabia', '12211', 'SA'),
('SA-77576', 'Mohammed Khaled', 'Jeddah', 'Saudi Arabia', '66598', 'SA'),
('SA-77603', 'Nasser Al-Rashid', 'Jeddah', 'Saudi Arabia', '31952', 'SA'),
('SA-78029', 'Mohammed Al-Shammari', 'Madinah', 'Saudi Arabia', '54623', 'SA'),
('SA-78172', 'Ahmed Al-Harbi', 'Hail', 'Saudi Arabia', '12345', 'SA'),
('SA-78492', 'Ibrahim Al-Shehri', 'Dammam', 'Saudi Arabia', '45231', 'SA'),
('SA-78800', 'Fahad Al-Mutairi', 'Buraydah', 'Saudi Arabia', '12345', 'SA'),
('SA-78809', 'Mohammed Al-Otaibi', 'Khobar', 'Saudi Arabia', '31952', 'SA'),
('SA-78858', 'Fahad Al-Qahtani', 'Madinah', 'Saudi Arabia', '12211', 'SA'),
('SA-79157', 'Ahmed Al-Mutairi', 'Khobar', 'Saudi Arabia', '23456', 'SA'),
('SA-79351', 'Yousef Al-Rashid', 'Tabuk', 'Saudi Arabia', '65478', 'SA'),
('SA-79547', 'Fahad Al-Ghamdi', 'Jeddah', 'Saudi Arabia', '31952', 'SA'),
('SA-79578', 'Ahmed Al-Dossari', 'Dammam', 'Saudi Arabia', '31952', 'SA'),
('SA-79802', 'Sultan Al-Harbi', 'Makkah', 'Saudi Arabia', '23456', 'SA'),
('SA-80020', 'Nasser Al-Otaibi', 'Buraydah', 'Saudi Arabia', '66598', 'SA'),
('SA-80048', 'Khalid Al-Ghamdi', 'Makkah', 'Saudi Arabia', '12211', 'SA'),
('SA-80250', 'Abdullah Al-Rashid', 'Abha', 'Saudi Arabia', '65478', 'SA'),
('SA-80822', 'Saad Al-Rashid', 'Buraydah', 'Saudi Arabia', '12345', 'SA'),
('SA-80885', 'Ibrahim Al-Shehri', 'Makkah', 'Saudi Arabia', '45231', 'SA'),
('SA-81138', 'Ahmed Al-Qahtani', 'Riyadh', 'Saudi Arabia', '12211', 'SA'),
('SA-81184', 'Sultan Al-Shammari', 'Tabuk', 'Saudi Arabia', '66598', 'SA'),
('SA-81393', 'Fahad Al-Harbi', 'Jeddah', 'Saudi Arabia', '77412', 'SA'),
('SA-81426', 'Ibrahim Al-Qahtani', 'Dammam', 'Saudi Arabia', '12345', 'SA'),
('SA-81464', 'Mohammed Al-Harbi', 'Abha', 'Saudi Arabia', '77412', 'SA'),
('SA-81530', 'Fahad Al-Ghamdi', 'Khobar', 'Saudi Arabia', '88965', 'SA'),
('SA-81718', 'Nasser Al-Harbi', 'Makkah', 'Saudi Arabia', '45231', 'SA'),
('SA-81773', 'Abdullah Al-Mutairi', 'Makkah', 'Saudi Arabia', '66598', 'SA'),
('SA-81901', 'Abdullah Al-Qahtani', 'Abha', 'Saudi Arabia', '12211', 'SA'),
('SA-82073', 'Mohammed Al-Rashid', 'Madinah', 'Saudi Arabia', '23456', 'SA'),
('SA-82077', 'Nasser Al-Qahtani', 'Hail', 'Saudi Arabia', '31952', 'SA'),
('SA-82107', 'Ahmed Al-Shammari', 'Dammam', 'Saudi Arabia', '23456', 'SA'),
('SA-82374', 'Sultan Al-Qahtani', 'Tabuk', 'Saudi Arabia', '23456', 'SA'),
('SA-82442', 'Mohammed Al-Fahad', 'Madinah', 'Saudi Arabia', '12211', 'SA'),
('SA-82793', 'Saad Al-Ghamdi', 'Hail', 'Saudi Arabia', '77412', 'SA'),
('SA-82895', 'Ahmed Al-Qahtani', 'Buraydah', 'Saudi Arabia', '65478', 'SA'),
('SA-83496', 'Mohammed Al-Ghamdi', 'Jeddah', 'Saudi Arabia', '45231', 'SA'),
('SA-83515', 'Abdullah Al-Shammari', 'Dammam', 'Saudi Arabia', '77412', 'SA'),
('SA-83534', 'Sultan Al-Rashid', 'Makkah', 'Saudi Arabia', '77412', 'SA'),
('SA-83535', 'Khalid Al-Fahad', 'Khobar', 'Saudi Arabia', '45231', 'SA'),
('SA-83552', 'Nasser Al-Shehri', 'Abha', 'Saudi Arabia', '66598', 'SA'),
('SA-83852', 'Nasser Al-Qahtani', 'Abha', 'Saudi Arabia', '23456', 'SA'),
('SA-83972', 'Ibrahim Al-Fahad', 'Hail', 'Saudi Arabia', '66598', 'SA'),
('SA-84001', 'Khalid Al-Rashid', 'Riyadh', 'Saudi Arabia', '23456', 'SA'),
('SA-84141', 'Sultan Al-Harbi', 'Khobar', 'Saudi Arabia', '23456', 'SA'),
('SA-84164', 'Mohammed Al-Ghamdi', 'Riyadh', 'Saudi Arabia', '77412', 'SA'),
('SA-84190', 'Khalid Al-Dossari', 'Buraydah', 'Saudi Arabia', '12345', 'SA'),
('SA-84205', 'Saad Al-Zahrani', 'Khobar', 'Saudi Arabia', '54623', 'SA'),
('SA-84219', 'Mohammed Al-Otaibi', 'Hail', 'Saudi Arabia', '77412', 'SA'),
('SA-84303', 'Yousef Al-Otaibi', 'Tabuk', 'Saudi Arabia', '54623', 'SA'),
('SA-84558', 'Ahmed Al-Fahad', 'Hail', 'Saudi Arabia', '77412', 'SA'),
('SA-85251', 'Saad Al-Shammari', 'Dammam', 'Saudi Arabia', '65478', 'SA'),
('SA-85472', 'Mohammed Al-Shehri', 'Dammam', 'Saudi Arabia', '23456', 'SA'),
('SA-85474', 'Mohammed Al-Harbi', 'Makkah', 'Saudi Arabia', '54623', 'SA'),
('SA-85618', 'Abdullah Al-Dossari', 'Riyadh', 'Saudi Arabia', '66598', 'SA'),
('SA-85903', 'Saad Al-Mutairi', 'Buraydah', 'Saudi Arabia', '88965', 'SA'),
('SA-85966', 'Abdullah Al-Shammari', 'Khobar', 'Saudi Arabia', '65478', 'SA'),
('SA-86092', 'Yousef Al-Qahtani', 'Madinah', 'Saudi Arabia', '54623', 'SA'),
('SA-86584', 'Saad Al-Shammari', 'Hail', 'Saudi Arabia', '66598', 'SA'),
('SA-86722', 'Khalid Al-Otaibi', 'Tabuk', 'Saudi Arabia', '66598', 'SA'),
('SA-86953', 'Mohammed Al-Ghamdi', 'Khobar', 'Saudi Arabia', '54623', 'SA'),
('SA-87226', 'Nasser Al-Qahtani', 'Dammam', 'Saudi Arabia', '88965', 'SA'),
('SA-87521', 'Abdullah Al-Mutairi', 'Tabuk', 'Saudi Arabia', '12345', 'SA'),
('SA-87599', 'Khalid Al-Rashid', 'Dammam', 'Saudi Arabia', '12345', 'SA'),
('SA-87900', 'Abdullah Al-Ghamdi', 'Hail', 'Saudi Arabia', '65478', 'SA'),
('SA-88252', 'Saad Al-Qahtani', 'Abha', 'Saudi Arabia', '66598', 'SA'),
('SA-88257', 'Sultan Al-Mutairi', 'Makkah', 'Saudi Arabia', '45231', 'SA'),
('SA-88271', 'Mohammed Al-Fahad', 'Abha', 'Saudi Arabia', '66598', 'SA'),
('SA-88765', 'Yousef Al-Mutairi', 'Hail', 'Saudi Arabia', '45231', 'SA'),
('SA-89094', 'Nasser Al-Harbi', 'Jeddah', 'Saudi Arabia', '23456', 'SA'),
('SA-89095', 'Sultan Al-Qahtani', 'Hail', 'Saudi Arabia', '12345', 'SA'),
('SA-89198', 'Abdullah Al-Shammari', 'Abha', 'Saudi Arabia', '88965', 'SA'),
('SA-89203', 'Yousef Al-Qahtani', 'Buraydah', 'Saudi Arabia', '65478', 'SA'),
('SA-89283', 'Mohammed Al-Mutairi', 'Khobar', 'Saudi Arabia', '77412', 'SA'),
('SA-89362', 'Mohammed Al-Harbi', 'Abha', 'Saudi Arabia', '31952', 'SA'),
('SA-89599', 'Nasser Al-Rashid', 'Tabuk', 'Saudi Arabia', '23456', 'SA'),
('SA-89650', 'Saad Al-Shammari', 'Tabuk', 'Saudi Arabia', '54623', 'SA'),
('SA-89694', 'Ibrahim Al-Dossari', 'Abha', 'Saudi Arabia', '12211', 'SA'),
('SA-89763', 'Khalid Al-Fahad', 'Madinah', 'Saudi Arabia', '88965', 'SA'),
('SA-89775', 'Ahmed Al-Shammari', 'Hail', 'Saudi Arabia', '12345', 'SA'),
('SA-89889', 'Sultan Al-Harbi', 'Riyadh', 'Saudi Arabia', '77412', 'SA'),
('SA-90033', 'Mohammed Al-Qahtani', 'Makkah', 'Saudi Arabia', '23456', 'SA'),
('SA-90110', 'Nasser Al-Mutairi', 'Buraydah', 'Saudi Arabia', '12211', 'SA'),
('SA-90160', 'Yousef Al-Harbi', 'Abha', 'Saudi Arabia', '66598', 'SA'),
('SA-90201', 'Fahad Al-Shammari', 'Dammam', 'Saudi Arabia', '23456', 'SA'),
('SA-90367', 'Yousef Al-Harbi', 'Khobar', 'Saudi Arabia', '88965', 'SA'),
('SA-90465', 'Sultan Al-Otaibi', 'Abha', 'Saudi Arabia', '31952', 'SA'),
('SA-90790', 'Fahad Al-Shammari', 'Khobar', 'Saudi Arabia', '88965', 'SA'),
('SA-90799', 'Khalid Al-Dossari', 'Khobar', 'Saudi Arabia', '66598', 'SA'),
('SA-91501', 'Ibrahim Al-Shehri', 'Hail', 'Saudi Arabia', '65478', 'SA'),
('SA-91557', 'Ahmed Al-Mutairi', 'Tabuk', 'Saudi Arabia', '23456', 'SA'),
('SA-92232', 'Fahad Al-Qahtani', 'Jeddah', 'Saudi Arabia', '66598', 'SA'),
('SA-92237', 'Fahad Al-Harbi', 'Makkah', 'Saudi Arabia', '77412', 'SA'),
('SA-92489', 'Saad Al-Otaibi', 'Tabuk', 'Saudi Arabia', '23456', 'SA'),
('SA-92624', 'Sultan Al-Qahtani', 'Khobar', 'Saudi Arabia', '65478', 'SA'),
('SA-92638', 'Ahmed Al-Ghamdi', 'Riyadh', 'Saudi Arabia', '54623', 'SA'),
('SA-92763', 'Khalid Al-Shammari', 'Madinah', 'Saudi Arabia', '66598', 'SA'),
('SA-92815', 'Nasser Al-Fahad', 'Abha', 'Saudi Arabia', '12211', 'SA'),
('SA-93008', 'Mohammed Al-Harbi', 'Hail', 'Saudi Arabia', '23456', 'SA'),
('SA-93209', 'Nasser Al-Ghamdi', 'Riyadh', 'Saudi Arabia', '45231', 'SA'),
('SA-93316', 'Mohammed Al-Otaibi', 'Tabuk', 'Saudi Arabia', '77412', 'SA'),
('SA-93385', 'Saad Al-Harbi', 'Tabuk', 'Saudi Arabia', '31952', 'SA'),
('SA-93419', 'Nasser Al-Dossari', 'Buraydah', 'Saudi Arabia', '77412', 'SA'),
('SA-93453', 'Khalid Al-Shehri', 'Tabuk', 'Saudi Arabia', '54623', 'SA'),
('SA-93590', 'Yousef Al-Qahtani', 'Hail', 'Saudi Arabia', '77412', 'SA'),
('SA-93649', 'Yousef Al-Harbi', 'Tabuk', 'Saudi Arabia', '12345', 'SA'),
('SA-94055', 'Ibrahim Al-Shammari', 'Jeddah', 'Saudi Arabia', '77412', 'SA'),
('SA-94138', 'Khalid Al-Otaibi', 'Taif', 'Saudi Arabia', '26311', 'SA'),
('SA-94272', 'Sultan Al-Mutairi', 'Jeddah', 'Saudi Arabia', '66598', 'SA'),
('SA-94323', 'Ahmed Al-Dossari', 'Jeddah', 'Saudi Arabia', '45231', 'SA'),
('SA-94364', 'Khalid Al-Shehri', 'Riyadh', 'Saudi Arabia', '77412', 'SA'),
('SA-94369', 'Ibrahim Al-Harbi', 'Tabuk', 'Saudi Arabia', '31952', 'SA'),
('SA-94392', 'Sultan Al-Qahtani', 'Makkah', 'Saudi Arabia', '45231', 'SA'),
('SA-94432', 'Mohammed Al-Otaibi', 'Hail', 'Saudi Arabia', '54623', 'SA'),
('SA-95063', 'Saad Al-Dossari', 'Makkah', 'Saudi Arabia', '88965', 'SA'),
('SA-95299', 'Yousef Al-Shehri', 'Khobar', 'Saudi Arabia', '23456', 'SA'),
('SA-95440', 'Sultan Al-Otaibi', 'Khobar', 'Saudi Arabia', '66598', 'SA'),
('SA-95669', 'Ibrahim Al-Shammari', 'Khobar', 'Saudi Arabia', '23456', 'SA'),
('SA-95912', 'Saad Al-Dossari', 'Makkah', 'Saudi Arabia', '12211', 'SA'),
('SA-96002', 'Khalid Al-Ghamdi', 'Hail', 'Saudi Arabia', '54623', 'SA'),
('SA-96378', 'Abdullah Al-Rashid', 'Makkah', 'Saudi Arabia', '45231', 'SA'),
('SA-96404', 'Fahad Al-Harbi', 'Khobar', 'Saudi Arabia', '77412', 'SA'),
('SA-96416', 'Yousef Al-Rashid', 'Tabuk', 'Saudi Arabia', '12211', 'SA'),
('SA-96538', 'Abdullah Al-Qahtani', 'Buraydah', 'Saudi Arabia', '45231', 'SA'),
('SA-96586', 'Ahmed Al-Shehri', 'Makkah', 'Saudi Arabia', '23456', 'SA'),
('SA-96754', 'Mohammed Al-Shammari', 'Madinah', 'Saudi Arabia', '66598', 'SA'),
('SA-97142', 'Sultan Al-Qahtani', 'Riyadh', 'Saudi Arabia', '65478', 'SA'),
('SA-97148', 'Abdullah Al-Dossari', 'Tabuk', 'Saudi Arabia', '77412', 'SA'),
('SA-97805', 'Yousef Al-Qahtani', 'Dammam', 'Saudi Arabia', '31952', 'SA'),
('SA-97955', 'Fahad Al-Ghamdi', 'Tabuk', 'Saudi Arabia', '31952', 'SA'),
('SA-98288', 'Ahmed Al-Fahad', 'Makkah', 'Saudi Arabia', '31952', 'SA'),
('SA-98411', 'Yousef Al-Shammari', 'Riyadh', 'Saudi Arabia', '12211', 'SA'),
('SA-98423', 'Ahmed Al-Dossari', 'Abha', 'Saudi Arabia', '65478', 'SA'),
('SA-98494', 'Khalid Al-Harbi', 'Makkah', 'Saudi Arabia', '12211', 'SA'),
('SA-98715', 'Fahad Al-Fahad', 'Buraydah', 'Saudi Arabia', '77412', 'SA'),
('SA-98833', 'Saad Al-Shehri', 'Buraydah', 'Saudi Arabia', '12345', 'SA'),
('SA-99170', 'Nasser Al-Fahad', 'Madinah', 'Saudi Arabia', '54623', 'SA'),
('SA-99420', 'Fahad Al-Dossari', 'Jeddah', 'Saudi Arabia', '45231', 'SA'),
('SA-99479', 'Fahad Al-Ghamdi', 'Jeddah', 'Saudi Arabia', '88965', 'SA'),
('SA-99515', 'Ibrahim Al-Harbi', 'Tabuk', 'Saudi Arabia', '12211', 'SA'),
('SA-99703', 'Sultan Al-Otaibi', 'Khobar', 'Saudi Arabia', '12211', 'SA');

-- --------------------------------------------------------

--
-- Table structure for table `desserts`
--

CREATE TABLE `desserts`
(
  `DessertID` int
(11) NOT NULL,
  `DessertName` varchar
(100) NOT NULL
) ENGINE=InnoDB DEFAULT CHARSET=utf8mb4 COLLATE=utf8mb4_general_ci;

--
-- Dumping data for table `desserts`
--

INSERT INTO `desserts` (`
DessertID`,
`DessertName
`) VALUES
(1, 'Baklava'),
(2, 'Kunafa'),
(3, 'Cheesecake'),
(4, 'Ice Cream'),
(5, 'Brownie');

-- --------------------------------------------------------

--
-- Table structure for table `drinks`
--

CREATE TABLE `drinks`
(
  `DrinkID` int
(11) NOT NULL,
  `DrinkName` varchar
(100) NOT NULL
) ENGINE=InnoDB DEFAULT CHARSET=utf8mb4 COLLATE=utf8mb4_general_ci;

--
-- Dumping data for table `drinks`
--

INSERT INTO `drinks` (`
DrinkID`,
`DrinkName
`) VALUES
(1, 'Lemon Mint'),
(2, 'Arabic Coffee'),
(3, 'Iced Tea'),
(4, 'Water'),
(5, 'Orange Juice');

-- --------------------------------------------------------

--
-- Table structure for table `orderdetails`
--

CREATE TABLE `orderdetails`
(
  `OrderDetailID` int
(11) NOT NULL,
  `OrderID` varchar
(20) DEFAULT NULL,
  `CourseID` int
(11) DEFAULT NULL,
  `StarterID` int
(11) DEFAULT NULL,
  `DessertID` int
(11) DEFAULT NULL,
  `DrinkID` int
(11) DEFAULT NULL,
  `SideID` int
(11) DEFAULT NULL
) ENGINE=InnoDB DEFAULT CHARSET=utf8mb4 COLLATE=utf8mb4_general_ci;

--
-- Dumping data for table `orderdetails`
--

INSERT INTO `orderdetails` (`
OrderDetailID`,
`OrderID
`, `CourseID`, `StarterID`, `DessertID`, `DrinkID`, `SideID`) VALUES
(1001, 'ORD-488280', 6, 1, 4, 3, 3),
(1002, 'ORD-885629', 1, 5, 2, 4, 1),
(1003, 'ORD-965395', 6, 3, 1, 1, 3),
(1004, 'ORD-878097', 5, 2, 1, 4, 2),
(1005, 'ORD-748482', 8, 3, 3, 5, 1),
(1006, 'ORD-891398', 5, 2, 1, 3, 5),
(1007, 'ORD-628259', 8, 4, 2, 5, 1),
(1008, 'ORD-239133', 1, 4, 1, 2, 3),
(1009, 'ORD-768099', 4, 1, 2, 1, 1),
(1010, 'ORD-581556', 8, 5, 2, 4, 1),
(1011, 'ORD-518259', 6, 2, 1, 2, 1),
(1012, 'ORD-524880', 5, 1, 3, 3, 1),
(1013, 'ORD-900197', 1, 1, 5, 3, 5),
(1014, 'ORD-392447', 7, 4, 4, 4, 4),
(1015, 'ORD-947399', 7, 4, 2, 2, 5),
(1016, 'ORD-826818', 5, 4, 1, 2, 4),
(1017, 'ORD-489961', 5, 5, 3, 4, 2),
(1018, 'ORD-668738', 7, 4, 4, 4, 2),
(1019, 'ORD-228424', 2, 2, 2, 2, 1),
(1020, 'ORD-222435', 3, 1, 5, 4, 4),
(1021, 'ORD-581556', 4, 5, 3, 4, 3),
(1022, 'ORD-223298', 8, 5, 5, 2, 5),
(1023, 'ORD-728163', 8, 2, 1, 2, 4),
(1024, 'ORD-359029', 6, 4, 2, 4, 4),
(1025, 'ORD-538163', 6, 5, 4, 5, 3),
(1026, 'ORD-438504', 8, 3, 1, 2, 2),
(1027, 'ORD-306981', 5, 1, 4, 3, 4),
(1028, 'ORD-748482', 8, 5, 5, 2, 5),
(1029, 'ORD-174340', 5, 3, 1, 2, 4),
(1030, 'ORD-500601', 2, 3, 1, 3, 5),
(1031, 'ORD-863360', 6, 1, 3, 5, 1),
(1032, 'ORD-444121', 3, 4, 4, 5, 1),
(1033, 'ORD-461953', 7, 3, 2, 3, 5),
(1034, 'ORD-189102', 4, 4, 5, 4, 5),
(1035, 'ORD-402406', 2, 1, 5, 5, 5),
(1036, 'ORD-704966', 2, 1, 4, 1, 1),
(1037, 'ORD-833598', 4, 1, 2, 3, 3),
(1038, 'ORD-578197', 3, 3, 1, 4, 5),
(1039, 'ORD-608502', 8, 3, 5, 5, 2),
(1040, 'ORD-951801', 8, 5, 3, 1, 5),
(1041, 'ORD-348652', 1, 1, 3, 3, 2),
(1042, 'ORD-925275', 4, 5, 3, 3, 5),
(1043, 'ORD-994888', 1, 4, 1, 3, 1),
(1044, 'ORD-651481', 3, 4, 3, 5, 5),
(1045, 'ORD-565121', 7, 2, 3, 4, 5),
(1046, 'ORD-617404', 1, 3, 4, 1, 4),
(1047, 'ORD-980760', 1, 1, 2, 5, 2),
(1048, 'ORD-535069', 2, 2, 2, 1, 2),
(1049, 'ORD-290885', 5, 1, 2, 5, 5),
(1050, 'ORD-986167', 3, 3, 2, 1, 3),
(1051, 'ORD-552121', 3, 3, 5, 1, 5),
(1052, 'ORD-777179', 5, 4, 5, 3, 2),
(1053, 'ORD-695365', 7, 1, 5, 1, 4),
(1054, 'ORD-458858', 4, 3, 5, 2, 2),
(1055, 'ORD-428069', 5, 4, 1, 4, 2),
(1056, 'ORD-761223', 1, 2, 5, 4, 4),
(1057, 'ORD-903805', 8, 2, 5, 4, 1),
(1058, 'ORD-400055', 6, 3, 5, 1, 1),
(1059, 'ORD-507000', 3, 5, 5, 1, 3),
(1060, 'ORD-331950', 1, 3, 1, 2, 2),
(1061, 'ORD-596650', 7, 1, 4, 3, 2),
(1062, 'ORD-902850', 7, 4, 4, 1, 1),
(1063, 'ORD-423081', 7, 2, 4, 1, 4),
(1064, 'ORD-525357', 4, 3, 4, 3, 3),
(1065, 'ORD-192902', 6, 5, 2, 2, 2),
(1066, 'ORD-833598', 1, 1, 1, 2, 1),
(1067, 'ORD-724435', 1, 5, 3, 5, 3),
(1068, 'ORD-934474', 2, 4, 1, 5, 4),
(1069, 'ORD-112700', 6, 1, 5, 1, 1),
(1070, 'ORD-351147', 3, 5, 2, 3, 3),
(1071, 'ORD-826584', 1, 4, 2, 5, 2),
(1072, 'ORD-591895', 3, 2, 2, 1, 2),
(1073, 'ORD-213181', 4, 5, 5, 5, 1),
(1074, 'ORD-567302', 8, 5, 2, 5, 3),
(1075, 'ORD-378925', 6, 5, 4, 5, 1),
(1076, 'ORD-597345', 6, 2, 2, 2, 2),
(1077, 'ORD-951801', 2, 5, 2, 4, 3),
(1078, 'ORD-913852', 2, 1, 2, 3, 3),
(1079, 'ORD-790992', 6, 2, 5, 1, 4),
(1080, 'ORD-345677', 4, 1, 2, 4, 1),
(1081, 'ORD-331887', 8, 2, 1, 2, 4),
(1082, 'ORD-822011', 6, 2, 4, 4, 4),
(1083, 'ORD-839284', 4, 4, 5, 2, 1),
(1084, 'ORD-952391', 5, 1, 2, 4, 3),
(1085, 'ORD-565947', 7, 2, 1, 4, 2),
(1086, 'ORD-768543', 6, 3, 3, 2, 3),
(1087, 'ORD-818150', 2, 4, 4, 1, 1),
(1088, 'ORD-322708', 8, 2, 4, 1, 4),
(1089, 'ORD-201329', 6, 2, 4, 1, 5),
(1090, 'ORD-511867', 8, 3, 5, 5, 2),
(1091, 'ORD-488134', 8, 5, 5, 2, 1),
(1092, 'ORD-414752', 2, 2, 1, 1, 1),
(1093, 'ORD-731669', 5, 2, 5, 2, 5),
(1094, 'ORD-228424', 1, 3, 2, 4, 5),
(1095, 'ORD-836823', 8, 1, 4, 3, 4),
(1096, 'ORD-592377', 8, 1, 3, 2, 5),
(1097, 'ORD-526663', 8, 4, 5, 3, 2),
(1098, 'ORD-134766', 1, 3, 4, 5, 3),
(1099, 'ORD-956073', 5, 4, 5, 1, 4),
(1100, 'ORD-694976', 6, 5, 3, 1, 5),
(1101, 'ORD-345774', 6, 3, 5, 5, 1),
(1102, 'ORD-197930', 4, 4, 2, 5, 3),
(1103, 'ORD-986167', 8, 3, 2, 4, 4),
(1104, 'ORD-324210', 5, 5, 1, 5, 2),
(1105, 'ORD-614047', 8, 1, 1, 3, 5),
(1106, 'ORD-176580', 1, 1, 4, 4, 3),
(1107, 'ORD-290885', 3, 5, 1, 1, 5),
(1108, 'ORD-380252', 5, 1, 5, 3, 3),
(1109, 'ORD-174700', 2, 5, 3, 1, 2),
(1110, 'ORD-336724', 1, 4, 5, 5, 2),
(1111, 'ORD-723158', 5, 3, 5, 2, 5),
(1112, 'ORD-913647', 5, 5, 2, 2, 5),
(1113, 'ORD-734172', 6, 3, 2, 2, 1),
(1114, 'ORD-176414', 3, 4, 5, 5, 5),
(1115, 'ORD-308750', 1, 5, 4, 5, 5),
(1116, 'ORD-854524', 6, 3, 1, 1, 2),
(1117, 'ORD-786599', 7, 5, 5, 2, 1),
(1118, 'ORD-581783', 7, 2, 1, 3, 1),
(1119, 'ORD-761036', 2, 3, 5, 5, 2),
(1120, 'ORD-992707', 2, 1, 1, 5, 1),
(1121, 'ORD-761223', 1, 2, 1, 3, 3),
(1122, 'ORD-684225', 5, 4, 5, 1, 4),
(1123, 'ORD-795970', 2, 1, 4, 1, 2),
(1124, 'ORD-598098', 2, 5, 3, 2, 5),
(1125, 'ORD-921893', 7, 4, 4, 5, 5),
(1126, 'ORD-997450', 6, 5, 1, 1, 4),
(1127, 'ORD-807852', 4, 5, 4, 2, 3),
(1128, 'ORD-951464', 8, 1, 3, 2, 5),
(1129, 'ORD-815263', 1, 1, 2, 2, 1),
(1130, 'ORD-230517', 8, 3, 2, 4, 3),
(1131, 'ORD-379500', 8, 2, 5, 3, 5),
(1132, 'ORD-989831', 7, 3, 3, 3, 2),
(1133, 'ORD-308750', 7, 1, 5, 5, 2),
(1134, 'ORD-374825', 7, 3, 5, 3, 3),
(1135, 'ORD-836059', 6, 5, 1, 1, 1),
(1136, 'ORD-342244', 4, 4, 2, 4, 4),
(1137, 'ORD-921893', 1, 1, 5, 5, 3),
(1138, 'ORD-997450', 1, 5, 3, 1, 4),
(1139, 'ORD-615112', 8, 4, 1, 1, 3),
(1140, 'ORD-477432', 6, 4, 2, 4, 2),
(1141, 'ORD-623298', 2, 4, 4, 4, 2),
(1142, 'ORD-875378', 6, 4, 5, 1, 2),
(1143, 'ORD-748482', 2, 3, 3, 3, 5),
(1144, 'ORD-941100', 5, 5, 1, 2, 1),
(1145, 'ORD-368904', 1, 3, 4, 3, 2),
(1146, 'ORD-630973', 1, 3, 2, 2, 4),
(1147, 'ORD-598098', 2, 3, 2, 2, 2),
(1148, 'ORD-866790', 1, 2, 2, 1, 2),
(1149, 'ORD-719892', 7, 3, 5, 1, 5),
(1150, 'ORD-299504', 1, 2, 2, 4, 1),
(1151, 'ORD-250599', 1, 3, 4, 5, 5),
(1152, 'ORD-892963', 3, 5, 2, 4, 3),
(1153, 'ORD-218144', 4, 5, 1, 2, 3),
(1154, 'ORD-224502', 2, 1, 2, 2, 2),
(1155, 'ORD-760016', 8, 1, 4, 3, 4),
(1156, 'ORD-597067', 3, 5, 1, 3, 1),
(1157, 'ORD-487432', 2, 1, 5, 3, 2),
(1158, 'ORD-910560', 3, 1, 5, 5, 3),
(1159, 'ORD-332327', 5, 2, 5, 3, 1),
(1160, 'ORD-533241', 4, 1, 3, 5, 3),
(1161, 'ORD-801787', 4, 5, 5, 4, 5),
(1162, 'ORD-587404', 8, 3, 3, 1, 1),
(1163, 'ORD-968129', 1, 3, 1, 2, 3),
(1164, 'ORD-472859', 2, 1, 2, 5, 1),
(1165, 'ORD-959720', 5, 1, 1, 1, 2),
(1166, 'ORD-749147', 5, 2, 4, 5, 4),
(1167, 'ORD-999356', 7, 3, 4, 2, 5),
(1168, 'ORD-959720', 1, 4, 1, 5, 1),
(1169, 'ORD-306981', 8, 2, 2, 1, 1),
(1170, 'ORD-641138', 5, 3, 5, 1, 1),
(1171, 'ORD-393622', 6, 5, 3, 5, 4),
(1172, 'ORD-958565', 2, 5, 4, 4, 5),
(1173, 'ORD-980230', 7, 2, 2, 2, 1),
(1174, 'ORD-741031', 5, 4, 3, 2, 2),
(1175, 'ORD-321445', 3, 3, 4, 5, 2),
(1176, 'ORD-386023', 6, 1, 2, 5, 1),
(1177, 'ORD-469180', 3, 2, 3, 2, 2),
(1178, 'ORD-262310', 8, 3, 5, 3, 2),
(1179, 'ORD-643295', 2, 3, 2, 1, 3),
(1180, 'ORD-863360', 7, 4, 5, 4, 3),
(1181, 'ORD-700192', 2, 5, 5, 1, 5),
(1182, 'ORD-752807', 7, 4, 2, 4, 4),
(1183, 'ORD-136593', 2, 5, 3, 2, 2),
(1184, 'ORD-380230', 4, 5, 3, 1, 3),
(1185, 'ORD-919696', 2, 5, 1, 5, 5),
(1186, 'ORD-559900', 5, 2, 1, 5, 2),
(1187, 'ORD-384224', 5, 3, 1, 1, 5),
(1188, 'ORD-723158', 4, 5, 4, 4, 2),
(1189, 'ORD-875378', 1, 4, 4, 4, 4),
(1190, 'ORD-531872', 2, 3, 1, 4, 2),
(1191, 'ORD-793015', 8, 5, 5, 1, 3),
(1192, 'ORD-460199', 7, 4, 4, 1, 1),
(1193, 'ORD-423927', 7, 5, 2, 1, 3),
(1194, 'ORD-511377', 4, 1, 4, 1, 3),
(1195, 'ORD-889563', 7, 4, 5, 3, 3),
(1196, 'ORD-174023', 1, 2, 2, 1, 1),
(1197, 'ORD-560597', 1, 2, 4, 2, 3),
(1198, 'ORD-570891', 7, 4, 2, 1, 3),
(1199, 'ORD-930434', 6, 1, 1, 3, 2),
(1200, 'ORD-705335', 3, 2, 4, 2, 1),
(1201, 'ORD-869390', 3, 2, 3, 5, 4),
(1202, 'ORD-579131', 8, 4, 2, 3, 4),
(1203, 'ORD-287004', 8, 3, 3, 5, 4),
(1204, 'ORD-467075', 1, 4, 3, 4, 5),
(1205, 'ORD-835474', 6, 5, 2, 2, 5),
(1206, 'ORD-917517', 5, 1, 5, 4, 1),
(1207, 'ORD-562820', 3, 4, 3, 5, 1),
(1208, 'ORD-597067', 4, 5, 2, 4, 1),
(1209, 'ORD-557245', 3, 1, 3, 1, 4),
(1210, 'ORD-838137', 7, 2, 5, 5, 3),
(1211, 'ORD-819127', 5, 4, 5, 4, 3),
(1212, 'ORD-932762', 5, 1, 5, 1, 5),
(1213, 'ORD-565183', 6, 4, 5, 4, 5),
(1214, 'ORD-264817', 2, 4, 5, 5, 5),
(1215, 'ORD-134515', 3, 3, 5, 3, 3),
(1216, 'ORD-138102', 7, 1, 1, 4, 5),
(1217, 'ORD-833046', 5, 3, 2, 1, 3),
(1218, 'ORD-623298', 6, 3, 3, 2, 4),
(1219, 'ORD-834718', 5, 3, 5, 4, 2),
(1220, 'ORD-286798', 1, 2, 4, 2, 3),
(1221, 'ORD-866790', 5, 5, 4, 5, 2),
(1222, 'ORD-776296', 8, 2, 1, 5, 3),
(1223, 'ORD-360123', 1, 1, 2, 3, 4),
(1224, 'ORD-898421', 4, 5, 1, 2, 5),
(1225, 'ORD-987604', 2, 3, 3, 2, 4),
(1226, 'ORD-382588', 4, 5, 1, 2, 4),
(1227, 'ORD-218110', 1, 4, 5, 1, 1),
(1228, 'ORD-834718', 1, 5, 5, 1, 3),
(1229, 'ORD-877672', 1, 5, 2, 3, 5),
(1230, 'ORD-866790', 2, 1, 3, 1, 4),
(1231, 'ORD-954478', 2, 4, 5, 1, 1),
(1232, 'ORD-343060', 5, 5, 2, 5, 3),
(1233, 'ORD-976598', 1, 5, 5, 4, 3),
(1234, 'ORD-941070', 1, 5, 1, 4, 5),
(1235, 'ORD-343060', 7, 3, 4, 1, 3),
(1236, 'ORD-299206', 8, 2, 3, 3, 4),
(1237, 'ORD-772529', 4, 2, 3, 4, 3),
(1238, 'ORD-928898', 3, 3, 2, 4, 1),
(1239, 'ORD-937643', 4, 3, 2, 2, 5),
(1240, 'ORD-234305', 3, 3, 1, 3, 3),
(1241, 'ORD-537071', 5, 1, 4, 3, 2),
(1242, 'ORD-937643', 1, 2, 1, 2, 2),
(1243, 'ORD-597165', 2, 1, 3, 4, 1),
(1244, 'ORD-705335', 6, 4, 1, 2, 1),
(1245, 'ORD-524147', 7, 1, 4, 2, 4),
(1246, 'ORD-327075', 8, 4, 3, 4, 1),
(1247, 'ORD-254082', 4, 4, 1, 5, 5),
(1248, 'ORD-808817', 4, 5, 3, 2, 3),
(1249, 'ORD-599380', 8, 1, 4, 1, 2),
(1250, 'ORD-573676', 1, 5, 5, 2, 4),
(1251, 'ORD-854524', 8, 1, 1, 3, 3),
(1252, 'ORD-819127', 2, 4, 3, 1, 5),
(1253, 'ORD-395972', 1, 5, 5, 4, 1),
(1254, 'ORD-581783', 5, 5, 5, 5, 2),
(1255, 'ORD-567676', 7, 3, 3, 2, 4),
(1256, 'ORD-405664', 6, 5, 3, 4, 5),
(1257, 'ORD-154143', 7, 2, 3, 2, 4),
(1258, 'ORD-343772', 1, 3, 1, 5, 5),
(1259, 'ORD-984446', 2, 4, 1, 1, 5),
(1260, 'ORD-740313', 7, 5, 1, 1, 2),
(1261, 'ORD-438636', 7, 3, 2, 3, 4),
(1262, 'ORD-245260', 3, 4, 2, 1, 4),
(1263, 'ORD-599691', 4, 4, 4, 3, 4),
(1264, 'ORD-194700', 6, 2, 2, 1, 1),
(1265, 'ORD-995935', 6, 2, 2, 4, 1),
(1266, 'ORD-908243', 2, 5, 2, 1, 4),
(1267, 'ORD-826584', 7, 1, 5, 3, 5),
(1268, 'ORD-853661', 7, 3, 4, 5, 2),
(1269, 'ORD-376226', 4, 2, 2, 5, 2),
(1270, 'ORD-515527', 4, 1, 2, 2, 3),
(1271, 'ORD-695365', 3, 2, 4, 2, 3),
(1272, 'ORD-800392', 5, 4, 3, 2, 5),
(1273, 'ORD-626948', 2, 2, 3, 4, 4),
(1274, 'ORD-260405', 4, 2, 3, 4, 1),
(1275, 'ORD-932762', 1, 3, 2, 1, 4),
(1276, 'ORD-296827', 6, 1, 5, 2, 3),
(1277, 'ORD-761036', 3, 1, 3, 2, 4),
(1278, 'ORD-857893', 6, 4, 5, 5, 1),
(1279, 'ORD-577169', 2, 2, 1, 5, 1),
(1280, 'ORD-991583', 5, 4, 5, 5, 1),
(1281, 'ORD-399907', 7, 5, 1, 4, 5),
(1282, 'ORD-581783', 4, 3, 2, 2, 2),
(1283, 'ORD-663082', 4, 3, 3, 4, 3),
(1284, 'ORD-370660', 2, 5, 2, 4, 5),
(1285, 'ORD-257084', 4, 4, 3, 4, 4),
(1286, 'ORD-643295', 3, 3, 5, 2, 5),
(1287, 'ORD-213181', 4, 2, 2, 3, 4),
(1288, 'ORD-940621', 7, 2, 3, 5, 3),
(1289, 'ORD-724435', 3, 4, 2, 4, 4),
(1290, 'ORD-940374', 4, 5, 2, 3, 4),
(1291, 'ORD-464480', 5, 5, 1, 4, 1),
(1292, 'ORD-814531', 4, 2, 5, 2, 2),
(1293, 'ORD-134766', 1, 2, 1, 1, 1),
(1294, 'ORD-329153', 4, 3, 5, 3, 5),
(1295, 'ORD-524147', 8, 2, 4, 2, 2),
(1296, 'ORD-581556', 8, 4, 2, 1, 4),
(1297, 'ORD-453802', 3, 1, 4, 4, 1),
(1298, 'ORD-740313', 7, 3, 3, 1, 5),
(1299, 'ORD-511377', 6, 3, 4, 5, 4),
(1300, 'ORD-877361', 5, 3, 2, 5, 1),
(1301, 'ORD-675412', 2, 1, 5, 2, 5),
(1302, 'ORD-758399', 7, 2, 1, 3, 4),
(1303, 'ORD-573415', 4, 4, 5, 5, 1),
(1304, 'ORD-441613', 2, 4, 2, 4, 2),
(1305, 'ORD-474117', 5, 1, 4, 1, 1),
(1306, 'ORD-145438', 8, 2, 5, 3, 4),
(1307, 'ORD-493615', 3, 5, 2, 5, 3),
(1308, 'ORD-445279', 6, 4, 1, 2, 1),
(1309, 'ORD-654719', 8, 3, 3, 4, 1),
(1310, 'ORD-218897', 6, 5, 1, 1, 4),
(1311, 'ORD-907796', 2, 2, 3, 3, 2),
(1312, 'ORD-156892', 8, 3, 2, 1, 2),
(1313, 'ORD-643384', 3, 1, 5, 1, 2),
(1314, 'ORD-188965', 7, 3, 3, 1, 2),
(1315, 'ORD-404610', 2, 2, 4, 2, 4),
(1316, 'ORD-696668', 6, 4, 2, 3, 2),
(1317, 'ORD-891706', 2, 4, 3, 2, 4),
(1318, 'ORD-210969', 8, 4, 3, 1, 1),
(1319, 'ORD-816334', 5, 4, 5, 5, 1),
(1320, 'ORD-737072', 2, 2, 4, 4, 3),
(1321, 'ORD-887966', 2, 1, 1, 3, 1),
(1322, 'ORD-223298', 8, 5, 2, 5, 1),
(1323, 'ORD-668952', 5, 4, 4, 3, 5),
(1324, 'ORD-678016', 1, 3, 4, 5, 3),
(1325, 'ORD-343772', 3, 4, 1, 3, 3),
(1326, 'ORD-104439', 7, 4, 4, 4, 5),
(1327, 'ORD-630973', 3, 2, 4, 5, 5),
(1328, 'ORD-694976', 3, 3, 5, 4, 1),
(1329, 'ORD-383065', 3, 3, 1, 2, 4),
(1330, 'ORD-498293', 8, 5, 3, 4, 3),
(1331, 'ORD-645128', 2, 4, 4, 1, 1),
(1332, 'ORD-953757', 2, 1, 3, 4, 3),
(1333, 'ORD-343772', 3, 1, 2, 1, 3),
(1334, 'ORD-192720', 3, 2, 2, 5, 5),
(1335, 'ORD-281109', 5, 4, 2, 2, 2),
(1336, 'ORD-295551', 7, 4, 2, 5, 4),
(1337, 'ORD-699469', 3, 1, 3, 5, 4),
(1338, 'ORD-412352', 4, 5, 1, 1, 5),
(1339, 'ORD-538003', 4, 4, 2, 2, 3),
(1340, 'ORD-428069', 3, 2, 3, 1, 5),
(1341, 'ORD-769947', 7, 3, 4, 2, 3),
(1342, 'ORD-460199', 7, 2, 2, 2, 4),
(1343, 'ORD-586918', 6, 4, 5, 4, 2),
(1344, 'ORD-111527', 6, 3, 5, 1, 2),
(1345, 'ORD-210932', 5, 5, 3, 3, 4),
(1346, 'ORD-814531', 2, 3, 4, 1, 3),
(1347, 'ORD-254082', 3, 1, 5, 1, 3),
(1348, 'ORD-432274', 1, 4, 2, 3, 4),
(1349, 'ORD-560597', 1, 2, 2, 4, 1),
(1350, 'ORD-332548', 3, 3, 3, 2, 3),
(1351, 'ORD-665670', 4, 1, 5, 4, 5),
(1352, 'ORD-395972', 2, 4, 5, 3, 5),
(1353, 'ORD-640894', 2, 1, 5, 5, 5),
(1354, 'ORD-566291', 2, 4, 5, 3, 4),
(1355, 'ORD-162189', 7, 4, 5, 3, 2),
(1356, 'ORD-404610', 5, 4, 3, 4, 2),
(1357, 'ORD-441033', 3, 4, 2, 2, 2),
(1358, 'ORD-183102', 1, 4, 5, 2, 4),
(1359, 'ORD-444121', 4, 4, 2, 1, 3),
(1360, 'ORD-120174', 2, 2, 3, 4, 5),
(1361, 'ORD-567302', 1, 1, 1, 5, 4),
(1362, 'ORD-719925', 5, 1, 4, 5, 1),
(1363, 'ORD-431414', 1, 2, 2, 3, 3),
(1364, 'ORD-659276', 8, 5, 2, 2, 5),
(1365, 'ORD-786413', 2, 5, 2, 2, 4),
(1366, 'ORD-318424', 3, 4, 3, 3, 3),
(1367, 'ORD-951464', 8, 3, 2, 4, 5),
(1368, 'ORD-692886', 8, 4, 1, 1, 4),
(1369, 'ORD-865860', 5, 2, 2, 2, 3),
(1370, 'ORD-162428', 5, 1, 3, 1, 1),
(1371, 'ORD-371619', 1, 4, 4, 3, 2),
(1372, 'ORD-763655', 5, 1, 2, 1, 1),
(1373, 'ORD-481648', 1, 1, 5, 4, 1),
(1374, 'ORD-889888', 5, 2, 2, 5, 5),
(1375, 'ORD-135528', 4, 2, 5, 3, 3),
(1376, 'ORD-869390', 3, 4, 5, 1, 2),
(1377, 'ORD-758399', 4, 2, 5, 3, 5),
(1378, 'ORD-104658', 6, 3, 4, 5, 5),
(1379, 'ORD-424928', 1, 5, 2, 1, 5),
(1380, 'ORD-582914', 5, 3, 1, 1, 3),
(1381, 'ORD-339785', 4, 2, 3, 1, 3),
(1382, 'ORD-975459', 7, 2, 2, 1, 1),
(1383, 'ORD-898421', 7, 1, 3, 3, 4),
(1384, 'ORD-495560', 8, 1, 4, 5, 5),
(1385, 'ORD-379500', 5, 3, 1, 3, 4),
(1386, 'ORD-588108', 5, 4, 4, 5, 1),
(1387, 'ORD-174023', 4, 3, 1, 2, 1),
(1388, 'ORD-157352', 7, 1, 1, 5, 5),
(1389, 'ORD-446535', 7, 4, 3, 5, 1),
(1390, 'ORD-894466', 6, 5, 3, 4, 5),
(1391, 'ORD-892963', 4, 3, 4, 1, 1),
(1392, 'ORD-229617', 7, 2, 2, 1, 4),
(1393, 'ORD-314244', 7, 4, 2, 3, 5),
(1394, 'ORD-253449', 4, 1, 3, 5, 2),
(1395, 'ORD-286798', 5, 3, 4, 5, 5),
(1396, 'ORD-629158', 5, 2, 2, 3, 1),
(1397, 'ORD-891706', 8, 4, 2, 4, 2),
(1398, 'ORD-701172', 7, 4, 5, 5, 4),
(1399, 'ORD-232940', 5, 4, 2, 1, 5),
(1400, 'ORD-874207', 6, 2, 4, 5, 5),
(1401, 'ORD-174023', 7, 5, 5, 5, 5),
(1402, 'ORD-438636', 3, 3, 4, 5, 3),
(1403, 'ORD-953031', 1, 2, 4, 5, 1),
(1404, 'ORD-314244', 5, 5, 1, 5, 5),
(1405, 'ORD-996498', 5, 4, 4, 4, 2),
(1406, 'ORD-201329', 4, 5, 4, 4, 2),
(1407, 'ORD-321445', 4, 5, 3, 5, 5),
(1408, 'ORD-882818', 6, 1, 5, 2, 1),
(1409, 'ORD-174700', 7, 3, 1, 5, 2),
(1410, 'ORD-382588', 7, 3, 1, 2, 2),
(1411, 'ORD-718400', 1, 5, 2, 5, 5),
(1412, 'ORD-712243', 8, 3, 3, 4, 4),
(1413, 'ORD-263976', 2, 4, 4, 2, 3),
(1414, 'ORD-469056', 5, 3, 4, 1, 1),
(1415, 'ORD-645830', 7, 1, 1, 3, 5),
(1416, 'ORD-694143', 3, 5, 1, 5, 3),
(1417, 'ORD-266901', 4, 4, 5, 1, 4),
(1418, 'ORD-977346', 8, 4, 1, 2, 3),
(1419, 'ORD-580264', 7, 3, 4, 2, 5),
(1420, 'ORD-218351', 3, 2, 5, 5, 4),
(1421, 'ORD-547475', 4, 2, 5, 5, 2),
(1422, 'ORD-598322', 7, 5, 2, 5, 4),
(1423, 'ORD-197809', 6, 3, 2, 5, 5),
(1424, 'ORD-336724', 4, 1, 2, 3, 2),
(1425, 'ORD-724435', 3, 4, 5, 3, 4),
(1426, 'ORD-694976', 5, 1, 4, 2, 1),
(1427, 'ORD-136408', 6, 5, 1, 2, 1),
(1428, 'ORD-218144', 2, 2, 4, 2, 1),
(1429, 'ORD-456654', 8, 4, 2, 3, 1),
(1430, 'ORD-189102', 1, 3, 5, 4, 1),
(1431, 'ORD-919170', 3, 2, 2, 1, 3),
(1432, 'ORD-727430', 3, 3, 3, 1, 4),
(1433, 'ORD-372570', 3, 1, 4, 5, 2),
(1434, 'ORD-844114', 2, 5, 3, 1, 4),
(1435, 'ORD-907796', 7, 3, 3, 4, 2),
(1436, 'ORD-463722', 6, 2, 5, 1, 4),
(1437, 'ORD-807852', 1, 4, 1, 3, 4),
(1438, 'ORD-136593', 5, 2, 2, 4, 3),
(1439, 'ORD-608107', 4, 1, 2, 2, 1),
(1440, 'ORD-481648', 4, 2, 1, 4, 2),
(1441, 'ORD-868911', 2, 5, 5, 1, 5),
(1442, 'ORD-640894', 3, 1, 1, 3, 5),
(1443, 'ORD-900197', 6, 2, 2, 3, 3),
(1444, 'ORD-478072', 1, 1, 4, 4, 3),
(1445, 'ORD-982157', 7, 2, 4, 1, 1),
(1446, 'ORD-807852', 5, 2, 4, 1, 3),
(1447, 'ORD-986247', 3, 3, 3, 4, 2),
(1448, 'ORD-980230', 6, 3, 2, 2, 4),
(1449, 'ORD-137313', 4, 5, 2, 2, 3),
(1450, 'ORD-535069', 6, 1, 5, 1, 5),
(1451, 'ORD-753680', 4, 4, 5, 2, 4),
(1452, 'ORD-438636', 3, 4, 5, 2, 5),
(1453, 'ORD-351719', 4, 5, 1, 4, 4),
(1454, 'ORD-351719', 5, 4, 2, 3, 5),
(1455, 'ORD-764357', 5, 1, 1, 5, 4),
(1456, 'ORD-902850', 8, 4, 5, 1, 4),
(1457, 'ORD-343772', 6, 4, 4, 4, 5),
(1458, 'ORD-727430', 5, 2, 1, 4, 4),
(1459, 'ORD-308750', 4, 1, 3, 3, 5),
(1460, 'ORD-728163', 6, 1, 2, 4, 1),
(1461, 'ORD-913647', 2, 3, 4, 3, 5),
(1462, 'ORD-629158', 3, 1, 3, 4, 2),
(1463, 'ORD-996498', 5, 3, 4, 5, 4),
(1464, 'ORD-104439', 8, 2, 5, 3, 3),
(1465, 'ORD-355633', 7, 5, 2, 3, 1),
(1466, 'ORD-244056', 4, 5, 3, 1, 4),
(1467, 'ORD-488441', 8, 4, 2, 3, 1),
(1468, 'ORD-507027', 7, 3, 5, 3, 1),
(1469, 'ORD-796141', 8, 4, 5, 3, 4),
(1470, 'ORD-392542', 4, 2, 5, 1, 3),
(1471, 'ORD-887966', 2, 5, 4, 5, 5),
(1472, 'ORD-877361', 4, 1, 4, 5, 5),
(1473, 'ORD-444121', 5, 5, 5, 1, 5),
(1474, 'ORD-999906', 8, 2, 2, 2, 1),
(1475, 'ORD-412643', 1, 2, 2, 5, 2),
(1476, 'ORD-345677', 1, 1, 3, 5, 5),
(1477, 'ORD-839073', 2, 5, 1, 5, 3),
(1478, 'ORD-238904', 4, 3, 5, 1, 4),
(1479, 'ORD-471853', 4, 5, 2, 5, 1),
(1480, 'ORD-213181', 7, 1, 1, 2, 3),
(1481, 'ORD-903805', 7, 4, 5, 5, 3),
(1482, 'ORD-977313', 8, 5, 2, 4, 4),
(1483, 'ORD-464155', 1, 4, 5, 5, 3),
(1484, 'ORD-855129', 8, 1, 1, 5, 5),
(1485, 'ORD-498609', 4, 3, 5, 4, 3),
(1486, 'ORD-892592', 8, 3, 5, 1, 2),
(1487, 'ORD-475236', 3, 4, 1, 2, 3),
(1488, 'ORD-685576', 8, 4, 4, 4, 3),
(1489, 'ORD-205314', 6, 2, 5, 5, 1),
(1490, 'ORD-469056', 3, 5, 4, 3, 5),
(1491, 'ORD-458247', 2, 3, 4, 1, 5),
(1492, 'ORD-967434', 5, 4, 5, 1, 2),
(1493, 'ORD-853661', 3, 4, 5, 4, 4),
(1494, 'ORD-143447', 7, 5, 4, 1, 4),
(1495, 'ORD-687761', 5, 4, 3, 2, 4),
(1496, 'ORD-359437', 5, 1, 1, 4, 4),
(1497, 'ORD-254082', 5, 1, 1, 1, 4),
(1498, 'ORD-148080', 2, 3, 3, 2, 3),
(1499, 'ORD-919170', 6, 2, 4, 1, 3),
(1500, 'ORD-863360', 3, 4, 5, 4, 4),
(1501, 'ORD-634281', 8, 1, 4, 3, 5),
(1502, 'ORD-776069', 7, 1, 1, 2, 4),
(1503, 'ORD-773118', 3, 2, 5, 1, 5),
(1504, 'ORD-560597', 3, 5, 4, 5, 2),
(1505, 'ORD-231963', 5, 5, 1, 1, 1),
(1506, 'ORD-603419', 7, 2, 5, 2, 1),
(1507, 'ORD-318424', 1, 2, 2, 3, 3),
(1508, 'ORD-248801', 8, 1, 4, 2, 5),
(1509, 'ORD-106854', 3, 2, 3, 1, 2),
(1510, 'ORD-597345', 1, 3, 5, 3, 5),
(1511, 'ORD-213883', 6, 5, 3, 3, 3),
(1512, 'ORD-492595', 3, 2, 1, 1, 5),
(1513, 'ORD-582897', 5, 5, 2, 2, 3),
(1514, 'ORD-952404', 8, 5, 2, 4, 2),
(1515, 'ORD-544844', 2, 1, 4, 5, 3),
(1516, 'ORD-439500', 4, 4, 2, 5, 4),
(1517, 'ORD-395972', 3, 3, 1, 4, 2),
(1518, 'ORD-749147', 3, 4, 3, 3, 1),
(1519, 'ORD-463722', 8, 4, 3, 5, 4),
(1520, 'ORD-768642', 8, 4, 5, 5, 3),
(1521, 'ORD-734172', 3, 2, 1, 2, 1),
(1522, 'ORD-318708', 1, 4, 5, 1, 2),
(1523, 'ORD-253339', 8, 1, 2, 3, 5),
(1524, 'ORD-587404', 6, 5, 4, 4, 4),
(1525, 'ORD-372570', 7, 3, 5, 3, 1),
(1526, 'ORD-729537', 5, 2, 4, 5, 5),
(1527, 'ORD-768099', 5, 1, 5, 2, 4),
(1528, 'ORD-586427', 2, 3, 4, 1, 5),
(1529, 'ORD-475236', 5, 2, 4, 4, 4),
(1530, 'ORD-989305', 5, 5, 2, 3, 5),
(1531, 'ORD-385446', 1, 5, 5, 5, 5),
(1532, 'ORD-831243', 3, 3, 5, 1, 2),
(1533, 'ORD-731669', 3, 3, 3, 5, 3),
(1534, 'ORD-889563', 2, 5, 2, 3, 2),
(1535, 'ORD-194700', 4, 2, 3, 5, 2),
(1536, 'ORD-464336', 4, 3, 5, 3, 3),
(1537, 'ORD-563301', 7, 3, 1, 4, 2),
(1538, 'ORD-569320', 1, 2, 5, 2, 1),
(1539, 'ORD-262310', 4, 2, 2, 5, 5),
(1540, 'ORD-347930', 1, 2, 5, 4, 5),
(1541, 'ORD-585335', 2, 5, 5, 4, 2),
(1542, 'ORD-889563', 6, 4, 1, 2, 4),
(1543, 'ORD-960130', 4, 3, 2, 3, 5),
(1544, 'ORD-162189', 4, 4, 1, 3, 2),
(1545, 'ORD-534130', 6, 4, 2, 2, 1),
(1546, 'ORD-901110', 8, 1, 3, 1, 3),
(1547, 'ORD-444569', 5, 1, 2, 2, 1),
(1548, 'ORD-994888', 5, 4, 3, 1, 5),
(1549, 'ORD-856605', 2, 2, 1, 1, 2),
(1550, 'ORD-836215', 4, 1, 5, 5, 2),
(1551, 'ORD-839284', 6, 4, 2, 2, 5),
(1552, 'ORD-954478', 3, 4, 3, 5, 5),
(1553, 'ORD-790992', 2, 3, 2, 5, 1),
(1554, 'ORD-833598', 1, 3, 5, 4, 1),
(1555, 'ORD-567688', 7, 2, 1, 3, 4),
(1556, 'ORD-976809', 6, 1, 1, 1, 5),
(1557, 'ORD-650100', 1, 4, 4, 3, 1),
(1558, 'ORD-533463', 7, 3, 3, 1, 1),
(1559, 'ORD-196403', 8, 3, 4, 1, 4),
(1560, 'ORD-976598', 1, 1, 4, 1, 3),
(1561, 'ORD-912480', 5, 2, 2, 2, 4),
(1562, 'ORD-469180', 1, 2, 3, 1, 1),
(1563, 'ORD-211695', 3, 2, 2, 2, 2),
(1564, 'ORD-491492', 2, 1, 5, 1, 5),
(1565, 'ORD-807852', 1, 5, 2, 5, 1),
(1566, 'ORD-899990', 8, 3, 4, 5, 1),
(1567, 'ORD-717432', 1, 2, 5, 5, 2),
(1568, 'ORD-299206', 8, 4, 2, 5, 5),
(1569, 'ORD-899990', 7, 5, 4, 3, 4),
(1570, 'ORD-369990', 6, 3, 1, 2, 3),
(1571, 'ORD-753680', 6, 5, 4, 4, 2),
(1572, 'ORD-348652', 5, 1, 3, 4, 5),
(1573, 'ORD-326228', 3, 5, 4, 5, 4),
(1574, 'ORD-666205', 3, 4, 4, 1, 1),
(1575, 'ORD-632050', 2, 3, 5, 2, 1),
(1576, 'ORD-455661', 7, 3, 2, 2, 3),
(1577, 'ORD-999906', 4, 1, 5, 2, 2),
(1578, 'ORD-981176', 7, 5, 1, 1, 3),
(1579, 'ORD-835663', 7, 3, 2, 4, 5),
(1580, 'ORD-785863', 1, 4, 5, 1, 2),
(1581, 'ORD-441738', 5, 2, 2, 4, 2),
(1582, 'ORD-866687', 5, 1, 3, 2, 1),
(1583, 'ORD-823082', 1, 2, 3, 2, 1),
(1584, 'ORD-741129', 2, 3, 3, 4, 2),
(1585, 'ORD-306125', 2, 1, 2, 2, 4),
(1586, 'ORD-374825', 8, 4, 3, 1, 3),
(1587, 'ORD-565121', 5, 3, 1, 3, 5),
(1588, 'ORD-262369', 1, 4, 1, 5, 1),
(1589, 'ORD-926218', 4, 2, 4, 2, 5),
(1590, 'ORD-162189', 8, 2, 4, 1, 3),
(1591, 'ORD-306013', 3, 3, 3, 4, 4),
(1592, 'ORD-221531', 2, 4, 4, 3, 4),
(1593, 'ORD-218110', 6, 2, 1, 3, 3),
(1594, 'ORD-227872', 5, 4, 1, 4, 5),
(1595, 'ORD-544844', 3, 1, 2, 5, 4),
(1596, 'ORD-869694', 7, 5, 1, 1, 5),
(1597, 'ORD-982157', 5, 3, 3, 2, 4),
(1598, 'ORD-687761', 1, 4, 3, 3, 3),
(1599, 'ORD-101367', 1, 5, 3, 4, 4),
(1600, 'ORD-932762', 4, 4, 5, 3, 1),
(1601, 'ORD-839284', 2, 5, 3, 1, 5),
(1602, 'ORD-918231', 1, 1, 2, 4, 5),
(1603, 'ORD-507027', 4, 2, 5, 5, 5),
(1604, 'ORD-341077', 3, 4, 4, 4, 1),
(1605, 'ORD-582897', 6, 4, 4, 2, 5),
(1606, 'ORD-475225', 4, 3, 1, 4, 3),
(1607, 'ORD-484170', 6, 3, 4, 3, 1),
(1608, 'ORD-582044', 6, 1, 2, 4, 3),
(1609, 'ORD-522028', 2, 4, 3, 1, 1),
(1610, 'ORD-589236', 6, 1, 4, 1, 1),
(1611, 'ORD-875378', 3, 2, 2, 4, 1),
(1612, 'ORD-597067', 6, 2, 5, 1, 1),
(1613, 'ORD-701172', 4, 1, 1, 1, 1),
(1614, 'ORD-521570', 6, 1, 3, 3, 2),
(1615, 'ORD-321511', 8, 2, 3, 3, 3),
(1616, 'ORD-382588', 6, 3, 4, 3, 5),
(1617, 'ORD-945689', 4, 4, 1, 5, 4),
(1618, 'ORD-565183', 1, 2, 1, 4, 5),
(1619, 'ORD-365478', 6, 5, 4, 5, 3),
(1620, 'ORD-228424', 7, 2, 3, 5, 2),
(1621, 'ORD-567688', 7, 5, 5, 3, 1),
(1622, 'ORD-584450', 1, 5, 4, 1, 3),
(1623, 'ORD-346729', 7, 5, 3, 4, 4),
(1624, 'ORD-839073', 2, 1, 5, 1, 1),
(1625, 'ORD-993076', 5, 2, 4, 2, 1),
(1626, 'ORD-423081', 3, 4, 3, 3, 5),
(1627, 'ORD-174340', 4, 5, 1, 4, 5),
(1628, 'ORD-887966', 3, 2, 2, 4, 4),
(1629, 'ORD-956073', 5, 4, 3, 5, 5),
(1630, 'ORD-936295', 1, 4, 4, 4, 3),
(1631, 'ORD-594904', 2, 4, 3, 4, 1),
(1632, 'ORD-342244', 3, 3, 2, 2, 2),
(1633, 'ORD-702676', 8, 5, 5, 4, 2),
(1634, 'ORD-980230', 2, 4, 3, 4, 2),
(1635, 'ORD-646074', 3, 5, 5, 4, 2),
(1636, 'ORD-650861', 6, 2, 3, 1, 3),
(1637, 'ORD-380230', 8, 3, 2, 3, 2),
(1638, 'ORD-630973', 1, 1, 5, 4, 2),
(1639, 'ORD-537071', 3, 1, 2, 5, 2),
(1640, 'ORD-210969', 1, 5, 5, 5, 1),
(1641, 'ORD-202456', 6, 5, 5, 2, 2),
(1642, 'ORD-302427', 4, 5, 5, 2, 1),
(1643, 'ORD-555108', 1, 4, 2, 3, 2),
(1644, 'ORD-902850', 3, 1, 1, 4, 2),
(1645, 'ORD-838137', 6, 5, 1, 1, 4),
(1646, 'ORD-222435', 1, 3, 1, 3, 5),
(1647, 'ORD-469806', 2, 5, 5, 5, 4),
(1648, 'ORD-866175', 1, 3, 2, 1, 4),
(1649, 'ORD-933192', 5, 5, 2, 5, 3),
(1650, 'ORD-565183', 8, 5, 4, 2, 2),
(1651, 'ORD-793015', 3, 4, 3, 2, 4),
(1652, 'ORD-839073', 8, 3, 3, 2, 2),
(1653, 'ORD-899990', 1, 1, 2, 5, 1),
(1654, 'ORD-868389', 2, 4, 5, 5, 5),
(1655, 'ORD-857893', 2, 4, 2, 3, 3),
(1656, 'ORD-846122', 1, 2, 4, 3, 3),
(1657, 'ORD-659045', 3, 2, 2, 2, 5),
(1658, 'ORD-175154', 6, 3, 3, 2, 5),
(1659, 'ORD-455661', 8, 5, 2, 1, 3),
(1660, 'ORD-699731', 3, 3, 2, 1, 3),
(1661, 'ORD-823218', 4, 1, 5, 1, 1),
(1662, 'ORD-111527', 7, 3, 4, 1, 1),
(1663, 'ORD-546560', 3, 2, 4, 1, 3),
(1664, 'ORD-654644', 8, 5, 5, 1, 2),
(1665, 'ORD-462461', 4, 4, 1, 2, 3),
(1666, 'ORD-404068', 5, 1, 1, 4, 5),
(1667, 'ORD-431430', 5, 1, 1, 1, 3),
(1668, 'ORD-188965', 2, 4, 2, 4, 2),
(1669, 'ORD-624721', 2, 3, 1, 3, 3),
(1670, 'ORD-836215', 8, 2, 2, 4, 5),
(1671, 'ORD-620360', 4, 3, 4, 1, 1),
(1672, 'ORD-769979', 5, 2, 1, 4, 2),
(1673, 'ORD-379500', 2, 5, 2, 2, 2),
(1674, 'ORD-218897', 6, 4, 5, 1, 1),
(1675, 'ORD-488145', 2, 3, 1, 4, 5),
(1676, 'ORD-940374', 7, 1, 3, 3, 4),
(1677, 'ORD-346898', 6, 3, 1, 2, 1),
(1678, 'ORD-952404', 2, 2, 4, 4, 5),
(1679, 'ORD-308750', 4, 5, 4, 4, 1),
(1680, 'ORD-696668', 4, 4, 5, 5, 5),
(1681, 'ORD-923335', 8, 1, 2, 2, 2),
(1682, 'ORD-797771', 1, 5, 2, 3, 2),
(1683, 'ORD-728163', 2, 2, 2, 4, 2),
(1684, 'ORD-980706', 7, 5, 4, 2, 3),
(1685, 'ORD-625675', 2, 5, 1, 3, 4),
(1686, 'ORD-441033', 5, 4, 2, 1, 3),
(1687, 'ORD-238904', 3, 4, 3, 5, 5),
(1688, 'ORD-113015', 7, 4, 1, 3, 3),
(1689, 'ORD-460199', 2, 3, 3, 2, 5),
(1690, 'ORD-597165', 7, 5, 3, 3, 3),
(1691, 'ORD-928898', 5, 5, 5, 5, 2),
(1692, 'ORD-534483', 8, 4, 3, 2, 3),
(1693, 'ORD-730425', 7, 4, 1, 5, 1),
(1694, 'ORD-381769', 3, 4, 1, 1, 1),
(1695, 'ORD-325869', 7, 4, 4, 4, 5),
(1696, 'ORD-320390', 5, 1, 2, 3, 1),
(1697, 'ORD-218110', 8, 4, 4, 4, 2),
(1698, 'ORD-905399', 7, 4, 3, 2, 1),
(1699, 'ORD-609060', 1, 3, 1, 5, 1),
(1700, 'ORD-905399', 8, 5, 3, 2, 5),
(1701, 'ORD-956073', 1, 5, 2, 4, 2),
(1702, 'ORD-865860', 2, 4, 4, 1, 2),
(1703, 'ORD-910186', 6, 1, 5, 4, 2),
(1704, 'ORD-567676', 5, 5, 2, 5, 2),
(1705, 'ORD-425114', 8, 4, 3, 5, 4),
(1706, 'ORD-818150', 2, 4, 4, 5, 2),
(1707, 'ORD-816334', 1, 3, 4, 1, 3),
(1708, 'ORD-874498', 8, 3, 2, 4, 2),
(1709, 'ORD-371709', 1, 1, 1, 5, 1),
(1710, 'ORD-893621', 3, 3, 2, 5, 2),
(1711, 'ORD-999906', 3, 4, 2, 3, 3),
(1712, 'ORD-596917', 3, 1, 3, 3, 5),
(1713, 'ORD-449240', 5, 2, 5, 4, 2),
(1714, 'ORD-728163', 6, 3, 4, 3, 3),
(1715, 'ORD-998248', 1, 5, 1, 5, 4),
(1716, 'ORD-589258', 1, 4, 1, 2, 1),
(1717, 'ORD-741031', 5, 3, 1, 2, 3),
(1718, 'ORD-139927', 2, 5, 5, 5, 1),
(1719, 'ORD-372733', 4, 2, 3, 4, 2),
(1720, 'ORD-204575', 8, 1, 4, 2, 2),
(1721, 'ORD-451688', 7, 1, 4, 1, 2),
(1722, 'ORD-651481', 3, 3, 3, 4, 3),
(1723, 'ORD-761223', 7, 2, 5, 4, 3),
(1724, 'ORD-201182', 5, 5, 2, 3, 5),
(1725, 'ORD-758399', 5, 1, 5, 3, 5),
(1726, 'ORD-380252', 5, 5, 2, 1, 3),
(1727, 'ORD-916240', 1, 1, 4, 5, 5),
(1728, 'ORD-189102', 1, 2, 4, 5, 5),
(1729, 'ORD-975741', 2, 2, 2, 1, 1),
(1730, 'ORD-402406', 7, 1, 4, 3, 3),
(1731, 'ORD-500601', 4, 5, 4, 2, 4),
(1732, 'ORD-112700', 1, 4, 2, 1, 3),
(1733, 'ORD-720927', 8, 4, 2, 5, 4),
(1734, 'ORD-776296', 5, 3, 1, 1, 5),
(1735, 'ORD-710684', 5, 3, 3, 5, 3),
(1736, 'ORD-313365', 2, 2, 4, 4, 1),
(1737, 'ORD-266901', 4, 5, 5, 3, 3),
(1738, 'ORD-670607', 3, 4, 5, 4, 3),
(1739, 'ORD-256603', 7, 1, 4, 3, 3),
(1740, 'ORD-157352', 1, 4, 4, 5, 1),
(1741, 'ORD-214334', 6, 5, 2, 2, 2),
(1742, 'ORD-335936', 4, 5, 5, 4, 4),
(1743, 'ORD-818150', 4, 2, 5, 5, 2),
(1744, 'ORD-801787', 7, 2, 4, 3, 5),
(1745, 'ORD-253502', 3, 5, 1, 3, 2),
(1746, 'ORD-157585', 8, 4, 4, 5, 3),
(1747, 'ORD-262543', 2, 5, 4, 4, 1),
(1748, 'ORD-230866', 6, 1, 5, 2, 2),
(1749, 'ORD-812678', 4, 5, 5, 1, 5),
(1750, 'ORD-322463', 5, 3, 2, 4, 2),
(1751, 'ORD-287656', 3, 3, 3, 1, 2),
(1752, 'ORD-999906', 7, 2, 2, 1, 4),
(1753, 'ORD-410743', 4, 1, 4, 4, 1),
(1754, 'ORD-246767', 5, 2, 3, 5, 3),
(1755, 'ORD-919696', 1, 5, 5, 1, 1),
(1756, 'ORD-214334', 7, 1, 2, 5, 2),
(1757, 'ORD-950655', 8, 3, 2, 1, 2),
(1758, 'ORD-781812', 4, 5, 4, 3, 1),
(1759, 'ORD-272554', 7, 3, 4, 4, 3),
(1760, 'ORD-695856', 8, 3, 4, 3, 5),
(1761, 'ORD-795970', 6, 5, 4, 5, 2),
(1762, 'ORD-678016', 1, 2, 5, 5, 4),
(1763, 'ORD-398939', 6, 1, 1, 2, 3),
(1764, 'ORD-918231', 4, 3, 4, 5, 1),
(1765, 'ORD-916240', 4, 1, 3, 2, 1),
(1766, 'ORD-480659', 3, 5, 4, 4, 2),
(1767, 'ORD-873923', 6, 3, 4, 5, 5),
(1768, 'ORD-894510', 2, 3, 1, 2, 5),
(1769, 'ORD-545617', 2, 2, 4, 4, 5),
(1770, 'ORD-395972', 1, 3, 2, 5, 5),
(1771, 'ORD-511867', 2, 1, 3, 5, 1),
(1772, 'ORD-761036', 6, 2, 2, 3, 3),
(1773, 'ORD-857893', 3, 1, 1, 5, 1),
(1774, 'ORD-232940', 6, 4, 2, 4, 5),
(1775, 'ORD-718400', 1, 5, 1, 1, 3),
(1776, 'ORD-231031', 7, 5, 1, 4, 5),
(1777, 'ORD-710684', 6, 5, 3, 1, 2),
(1778, 'ORD-866175', 8, 5, 1, 4, 5),
(1779, 'ORD-348652', 4, 2, 2, 3, 4),
(1780, 'ORD-463722', 1, 4, 5, 5, 5),
(1781, 'ORD-936529', 6, 1, 3, 3, 5),
(1782, 'ORD-104658', 7, 1, 2, 3, 5),
(1783, 'ORD-157585', 4, 5, 4, 2, 2),
(1784, 'ORD-491208', 8, 2, 3, 1, 5),
(1785, 'ORD-196503', 4, 4, 3, 2, 1),
(1786, 'ORD-329153', 1, 5, 1, 4, 3),
(1787, 'ORD-180504', 7, 1, 3, 5, 4),
(1788, 'ORD-238904', 6, 1, 2, 2, 5),
(1789, 'ORD-885629', 8, 1, 4, 3, 2),
(1790, 'ORD-404068', 7, 1, 5, 5, 2),
(1791, 'ORD-589236', 7, 4, 3, 3, 5),
(1792, 'ORD-755762', 5, 2, 1, 5, 4),
(1793, 'ORD-529250', 8, 5, 2, 2, 2),
(1794, 'ORD-471853', 7, 4, 1, 2, 1),
(1795, 'ORD-296827', 7, 4, 4, 2, 4),
(1796, 'ORD-876818', 7, 1, 5, 4, 4),
(1797, 'ORD-962633', 2, 5, 4, 1, 3),
(1798, 'ORD-859613', 4, 2, 4, 1, 4),
(1799, 'ORD-447180', 1, 1, 2, 5, 2),
(1800, 'ORD-690825', 8, 1, 2, 5, 5),
(1801, 'ORD-894466', 1, 5, 3, 2, 3),
(1802, 'ORD-881856', 4, 4, 4, 1, 2),
(1803, 'ORD-734172', 5, 5, 2, 5, 2),
(1804, 'ORD-991583', 8, 5, 4, 3, 5),
(1805, 'ORD-700192', 8, 4, 5, 2, 4),
(1806, 'ORD-923116', 1, 3, 4, 5, 3),
(1807, 'ORD-342304', 1, 2, 2, 4, 3),
(1808, 'ORD-877361', 5, 5, 2, 4, 2),
(1809, 'ORD-758399', 3, 5, 5, 5, 1),
(1810, 'ORD-589175', 7, 3, 1, 1, 5),
(1811, 'ORD-438504', 4, 5, 2, 5, 5),
(1812, 'ORD-927928', 2, 4, 1, 3, 2),
(1813, 'ORD-176580', 6, 3, 2, 1, 3),
(1814, 'ORD-464480', 1, 1, 5, 4, 4),
(1815, 'ORD-522028', 3, 5, 1, 3, 2),
(1816, 'ORD-464155', 1, 5, 5, 5, 5),
(1817, 'ORD-640946', 7, 4, 5, 3, 4),
(1818, 'ORD-124150', 2, 2, 3, 1, 4),
(1819, 'ORD-161679', 4, 2, 5, 2, 4),
(1820, 'ORD-773224', 6, 2, 4, 4, 1),
(1821, 'ORD-727430', 1, 1, 5, 2, 1),
(1822, 'ORD-727430', 3, 1, 1, 1, 1),
(1823, 'ORD-444569', 8, 2, 2, 1, 3),
(1824, 'ORD-916240', 7, 5, 1, 4, 1),
(1825, 'ORD-574247', 4, 3, 4, 5, 1),
(1826, 'ORD-617568', 3, 2, 1, 4, 1),
(1827, 'ORD-509712', 6, 3, 5, 3, 2),
(1828, 'ORD-913647', 8, 2, 4, 2, 3),
(1829, 'ORD-201329', 4, 1, 2, 2, 3),
(1830, 'ORD-425397', 6, 5, 1, 2, 1),
(1831, 'ORD-522028', 5, 5, 3, 2, 1),
(1832, 'ORD-729537', 6, 4, 4, 2, 2),
(1833, 'ORD-162189', 4, 2, 5, 5, 1),
(1834, 'ORD-971745', 5, 1, 4, 1, 4),
(1835, 'ORD-228424', 4, 4, 1, 5, 1),
(1836, 'ORD-539048', 5, 3, 3, 2, 1),
(1837, 'ORD-339538', 1, 2, 1, 1, 3),
(1838, 'ORD-242440', 1, 3, 3, 1, 4),
(1839, 'ORD-308750', 3, 1, 5, 4, 2),
(1840, 'ORD-834718', 5, 4, 3, 3, 1),
(1841, 'ORD-831243', 4, 3, 5, 4, 3),
(1842, 'ORD-940374', 7, 3, 2, 4, 5),
(1843, 'ORD-581783', 6, 3, 2, 5, 5),
(1844, 'ORD-516123', 6, 3, 4, 3, 5),
(1845, 'ORD-399907', 7, 3, 3, 1, 4),
(1846, 'ORD-922868', 4, 2, 5, 5, 2),
(1847, 'ORD-576536', 6, 2, 2, 1, 5),
(1848, 'ORD-592377', 3, 1, 4, 3, 4),
(1849, 'ORD-828994', 5, 1, 4, 2, 5),
(1850, 'ORD-482136', 3, 1, 4, 5, 2),
(1851, 'ORD-753620', 7, 1, 4, 4, 3),
(1852, 'ORD-226044', 7, 1, 3, 1, 4),
(1853, 'ORD-446535', 5, 5, 2, 3, 4),
(1854, 'ORD-740313', 7, 3, 3, 4, 1),
(1855, 'ORD-250599', 4, 1, 2, 4, 5),
(1856, 'ORD-217057', 5, 4, 1, 4, 1),
(1857, 'ORD-395972', 6, 1, 3, 4, 4),
(1858, 'ORD-641138', 7, 1, 3, 2, 3),
(1859, 'ORD-184533', 1, 4, 3, 2, 4),
(1860, 'ORD-393622', 1, 2, 1, 1, 4),
(1861, 'ORD-482629', 6, 4, 2, 5, 2),
(1862, 'ORD-335102', 7, 5, 3, 2, 1),
(1863, 'ORD-143447', 4, 2, 5, 1, 2),
(1864, 'ORD-154503', 2, 2, 4, 4, 5),
(1865, 'ORD-907796', 6, 5, 2, 4, 3),
(1866, 'ORD-272554', 5, 3, 2, 5, 5),
(1867, 'ORD-920211', 5, 2, 5, 5, 3),
(1868, 'ORD-351014', 3, 4, 2, 2, 1),
(1869, 'ORD-589175', 1, 5, 1, 2, 5),
(1870, 'ORD-253502', 7, 3, 1, 3, 2),
(1871, 'ORD-617404', 3, 4, 1, 1, 5),
(1872, 'ORD-306013', 7, 2, 5, 2, 4),
(1873, 'ORD-998248', 5, 4, 3, 5, 1),
(1874, 'ORD-346898', 5, 2, 1, 2, 4),
(1875, 'ORD-348652', 1, 1, 3, 3, 2),
(1876, 'ORD-528777', 1, 1, 4, 2, 1),
(1877, 'ORD-160477', 7, 4, 2, 3, 5),
(1878, 'ORD-145944', 5, 1, 2, 1, 5),
(1879, 'ORD-254082', 1, 3, 3, 3, 3),
(1880, 'ORD-218351', 5, 2, 5, 5, 4),
(1881, 'ORD-329153', 8, 5, 2, 2, 1),
(1882, 'ORD-850917', 7, 1, 3, 5, 3),
(1883, 'ORD-332327', 1, 4, 5, 4, 1),
(1884, 'ORD-631802', 7, 3, 4, 4, 4),
(1885, 'ORD-579131', 3, 2, 3, 1, 3),
(1886, 'ORD-325869', 3, 5, 5, 1, 3),
(1887, 'ORD-320390', 8, 3, 3, 3, 1),
(1888, 'ORD-632193', 2, 5, 4, 2, 2),
(1889, 'ORD-940209', 3, 3, 1, 4, 4),
(1890, 'ORD-231031', 8, 3, 4, 5, 4),
(1891, 'ORD-810981', 1, 1, 3, 1, 1),
(1892, 'ORD-553165', 5, 2, 1, 1, 4),
(1893, 'ORD-777179', 3, 5, 3, 5, 2),
(1894, 'ORD-785863', 5, 4, 4, 5, 5),
(1895, 'ORD-568435', 3, 5, 1, 3, 2),
(1896, 'ORD-145944', 4, 5, 2, 1, 5),
(1897, 'ORD-210969', 1, 2, 1, 1, 5),
(1898, 'ORD-491208', 3, 5, 2, 4, 4),
(1899, 'ORD-325869', 4, 3, 3, 1, 5),
(1900, 'ORD-654644', 4, 3, 5, 5, 4),
(1901, 'ORD-226044', 6, 4, 2, 3, 3),
(1902, 'ORD-976598', 4, 1, 1, 1, 2),
(1903, 'ORD-174023', 4, 5, 2, 4, 2),
(1904, 'ORD-705335', 2, 2, 1, 1, 2),
(1905, 'ORD-401349', 2, 2, 5, 3, 3),
(1906, 'ORD-954957', 1, 4, 3, 2, 4),
(1907, 'ORD-475236', 5, 1, 5, 5, 2),
(1908, 'ORD-486106', 8, 2, 2, 2, 3),
(1909, 'ORD-922868', 2, 1, 4, 5, 1),
(1910, 'ORD-356866', 3, 1, 3, 4, 2),
(1911, 'ORD-589175', 4, 4, 4, 4, 1),
(1912, 'ORD-171882', 7, 4, 5, 5, 4),
(1913, 'ORD-572406', 1, 1, 2, 5, 3),
(1914, 'ORD-232940', 4, 2, 2, 3, 2),
(1915, 'ORD-936529', 5, 5, 4, 2, 2),
(1916, 'ORD-154143', 7, 5, 5, 3, 3),
(1917, 'ORD-234698', 3, 3, 2, 2, 2),
(1918, 'ORD-997997', 3, 5, 5, 3, 4),
(1919, 'ORD-900197', 6, 5, 4, 1, 1),
(1920, 'ORD-696668', 3, 2, 3, 4, 4),
(1921, 'ORD-355633', 8, 1, 4, 2, 1),
(1922, 'ORD-567688', 6, 3, 1, 2, 1),
(1923, 'ORD-245260', 2, 4, 5, 2, 3),
(1924, 'ORD-560597', 5, 4, 4, 2, 1),
(1925, 'ORD-526663', 7, 1, 4, 4, 1),
(1926, 'ORD-291451', 6, 3, 3, 3, 3),
(1927, 'ORD-449240', 3, 5, 2, 4, 3),
(1928, 'ORD-521570', 2, 2, 3, 5, 4),
(1929, 'ORD-412352', 4, 5, 3, 2, 1),
(1930, 'ORD-661985', 6, 2, 1, 2, 3),
(1931, 'ORD-787586', 7, 5, 2, 1, 3),
(1932, 'ORD-474117', 4, 1, 5, 4, 3),
(1933, 'ORD-632050', 7, 2, 1, 4, 2),
(1934, 'ORD-901256', 5, 4, 2, 3, 3),
(1935, 'ORD-903805', 4, 2, 4, 5, 5),
(1936, 'ORD-472859', 8, 5, 5, 2, 4),
(1937, 'ORD-869390', 5, 4, 4, 2, 3),
(1938, 'ORD-491208', 5, 4, 4, 5, 3),
(1939, 'ORD-495560', 6, 3, 1, 2, 1),
(1940, 'ORD-976276', 8, 1, 2, 1, 2),
(1941, 'ORD-911092', 8, 2, 1, 4, 4),
(1942, 'ORD-123788', 6, 5, 3, 3, 2),
(1943, 'ORD-694143', 8, 5, 2, 3, 4),
(1944, 'ORD-306013', 6, 1, 3, 4, 5),
(1945, 'ORD-315978', 8, 2, 1, 5, 3),
(1946, 'ORD-218144', 7, 1, 3, 3, 1),
(1947, 'ORD-971385', 1, 5, 1, 1, 4),
(1948, 'ORD-495560', 3, 4, 5, 2, 4),
(1949, 'ORD-327075', 6, 5, 1, 2, 5),
(1950, 'ORD-453802', 1, 4, 2, 3, 2),
(1951, 'ORD-581783', 8, 2, 4, 3, 4),
(1952, 'ORD-624721', 8, 5, 4, 2, 3),
(1953, 'ORD-524147', 4, 1, 5, 2, 5),
(1954, 'ORD-140144', 6, 2, 5, 2, 4),
(1955, 'ORD-793015', 2, 4, 1, 5, 5),
(1956, 'ORD-593507', 8, 1, 3, 4, 4),
(1957, 'ORD-839510', 6, 2, 4, 4, 1),
(1958, 'ORD-740822', 1, 2, 3, 5, 4),
(1959, 'ORD-712243', 5, 5, 5, 4, 1),
(1960, 'ORD-428069', 2, 1, 1, 4, 5),
(1961, 'ORD-356866', 8, 1, 3, 2, 3),
(1962, 'ORD-444569', 3, 1, 3, 5, 1),
(1963, 'ORD-115893', 3, 3, 2, 4, 5),
(1964, 'ORD-690825', 3, 5, 4, 2, 4),
(1965, 'ORD-654644', 5, 4, 4, 5, 4),
(1966, 'ORD-365478', 1, 3, 4, 3, 1),
(1967, 'ORD-623298', 7, 4, 2, 2, 3),
(1968, 'ORD-112700', 5, 5, 3, 2, 1),
(1969, 'ORD-507136', 1, 2, 2, 1, 4),
(1970, 'ORD-495834', 2, 4, 1, 2, 1),
(1971, 'ORD-518259', 1, 4, 3, 3, 1),
(1972, 'ORD-387970', 6, 2, 5, 5, 1),
(1973, 'ORD-891200', 6, 1, 3, 1, 2),
(1974, 'ORD-892553', 6, 4, 4, 2, 3),
(1975, 'ORD-229774', 3, 4, 5, 5, 5),
(1976, 'ORD-965395', 5, 4, 3, 4, 2),
(1977, 'ORD-844114', 5, 5, 1, 1, 2),
(1978, 'ORD-551246', 2, 1, 5, 5, 1),
(1979, 'ORD-761036', 4, 3, 5, 1, 2),
(1980, 'ORD-835315', 4, 1, 1, 3, 5),
(1981, 'ORD-779178', 4, 1, 4, 2, 3),
(1982, 'ORD-336724', 4, 4, 1, 1, 5),
(1983, 'ORD-989305', 1, 2, 1, 4, 4),
(1984, 'ORD-687761', 5, 5, 4, 4, 4),
(1985, 'ORD-109447', 6, 1, 4, 4, 1),
(1986, 'ORD-787586', 2, 2, 5, 3, 3),
(1987, 'ORD-901256', 5, 3, 1, 4, 4),
(1988, 'ORD-978510', 8, 5, 2, 1, 4),
(1989, 'ORD-448818', 3, 3, 3, 4, 4),
(1990, 'ORD-637667', 2, 1, 1, 2, 2),
(1991, 'ORD-218110', 6, 5, 4, 2, 3),
(1992, 'ORD-287004', 5, 2, 4, 2, 3),
(1993, 'ORD-176580', 5, 3, 4, 5, 5),
(1994, 'ORD-694976', 8, 3, 1, 2, 4),
(1995, 'ORD-256130', 1, 2, 1, 5, 4),
(1996, 'ORD-534067', 8, 3, 4, 1, 5),
(1997, 'ORD-428572', 3, 5, 4, 5, 4),
(1998, 'ORD-346729', 5, 3, 3, 5, 5),
(1999, 'ORD-793015', 8, 5, 5, 2, 1),
(2000, 'ORD-299504', 6, 5, 5, 5, 2);

-- --------------------------------------------------------

--
-- Table structure for table `orders`
--

CREATE TABLE `orders`
(
  `OrderID` varchar
(20) NOT NULL,
  `OrderDate` date NOT NULL,
  `DeliveryDate` date DEFAULT NULL,
  `CustomerID` varchar
(20) DEFAULT NULL,
  `Sales` decimal
(10,2) DEFAULT NULL,
  `Quantity` int
(11) DEFAULT NULL,
  `Discount` decimal
(10,2) DEFAULT NULL,
  `DeliveryCost` decimal
(10,2) DEFAULT NULL
) ENGINE=InnoDB DEFAULT CHARSET=utf8mb4 COLLATE=utf8mb4_general_ci;

--
-- Dumping data for table `orders`
--

INSERT INTO `orders` (`
OrderID`,
`OrderDate
`, `DeliveryDate`, `CustomerID`, `Sales`, `Quantity`, `Discount`, `DeliveryCost`) VALUES
('ORD-101367', '2024-04-01', '2024-05-24', 'SA-33465', 225.38, 3, 38.12, 21.62),
('ORD-104439', '2024-07-01', '2024-04-19', 'SA-40309', 264.50, 5, 26.35, 25.77),
('ORD-104658', '2024-07-23', '2024-06-08', 'SA-12045', 479.66, 1, 49.94, 90.26),
('ORD-106854', '2024-10-25', '2024-09-24', 'SA-58978', 405.96, 5, 34.07, 55.36),
('ORD-108468', '2024-06-24', '2024-08-07', 'SA-11247', 430.04, 5, 28.11, 84.66),
('ORD-109447', '2024-01-18', '2024-10-09', 'SA-93590', 113.31, 5, 22.23, 10.37),
('ORD-111527', '2024-05-13', '2024-01-27', 'SA-56614', 212.27, 2, 48.89, 15.29),
('ORD-112640', '2024-01-08', '2024-05-16', 'SA-62524', 459.86, 5, 47.99, 28.40),
('ORD-112700', '2024-09-02', '2024-01-16', 'SA-91557', 125.14, 2, 11.88, 88.53),
('ORD-113015', '2024-09-06', '2024-07-04', 'SA-96404', 395.11, 3, 25.76, 53.99),
('ORD-114900', '2024-03-06', '2024-07-14', 'SA-23800', 179.16, 3, 15.30, 68.50),
('ORD-115893', '2024-07-11', '2024-05-22', 'SA-65301', 136.96, 3, 22.03, 43.02),
('ORD-120174', '2024-04-18', '2024-04-07', 'SA-77355', 125.10, 5, 23.65, 27.90),
('ORD-120396', '2024-08-06', '2024-02-13', 'SA-81901', 481.06, 4, 14.88, 41.84),
('ORD-121145', '2024-09-04', '2024-08-25', 'SA-83535', 497.00, 5, 37.50, 61.29),
('ORD-121464', '2024-06-05', '2024-08-15', 'SA-56614', 68.67, 1, 28.71, 19.88),
('ORD-122325', '2024-02-15', '2024-10-07', 'SA-47574', 415.07, 4, 6.73, 70.00),
('ORD-123788', '2024-09-15', '2024-05-11', 'SA-93385', 206.10, 5, 22.11, 33.52),
('ORD-124150', '2024-07-19', '2024-11-05', 'SA-66577', 156.39, 4, 12.19, 75.28),
('ORD-124640', '2024-06-21', '2024-12-08', 'SA-40605', 401.69, 3, 10.77, 17.17),
('ORD-125750', '2024-02-27', '2024-04-15', 'SA-83552', 345.56, 3, 22.95, 64.81),
('ORD-126126', '2024-12-01', '2024-02-22', 'SA-81426', 194.71, 1, 20.55, 86.90),
('ORD-128759', '2024-10-16', '2024-01-01', 'SA-58473', 348.33, 2, 26.93, 52.96),
('ORD-131263', '2024-11-11', '2024-05-18', 'SA-49607', 99.99, 1, 32.31, 42.59),
('ORD-134515', '2024-07-23', '2024-06-27', 'SA-18699', 205.22, 5, 35.30, 53.72),
('ORD-134766', '2024-12-22', '2024-06-27', 'SA-31915', 148.08, 5, 43.41, 36.39),
('ORD-135528', '2024-04-23', '2024-05-18', 'SA-29028', 414.79, 4, 22.28, 25.10),
('ORD-135964', '2024-06-18', '2024-03-24', 'SA-33289', 396.66, 4, 43.36, 63.65),
('ORD-136051', '2024-02-25', '2024-04-19', 'SA-64890', 307.79, 5, 23.12, 44.36),
('ORD-136408', '2024-04-16', '2024-03-06', 'SA-47263', 408.46, 2, 28.91, 69.33),
('ORD-136593', '2024-06-06', '2024-05-02', 'SA-96404', 469.93, 3, 11.88, 51.03),
('ORD-137313', '2024-03-04', '2024-04-08', 'SA-13535', 67.73, 2, 14.50, 83.01),
('ORD-137973', '2024-03-14', '2024-06-27', 'SA-73822', 211.50, 5, 8.95, 59.50),
('ORD-138102', '2024-06-11', '2024-08-22', 'SA-84303', 457.14, 3, 39.53, 93.67),
('ORD-139927', '2024-12-15', '2024-05-21', 'SA-77056', 306.40, 3, 49.27, 96.44),
('ORD-140144', '2024-03-14', '2024-11-25', 'SA-65478', 174.13, 3, 48.21, 45.64),
('ORD-140894', '2024-01-08', '2024-02-07', 'SA-72839', 361.87, 2, 10.85, 81.71),
('ORD-142423', '2024-11-14', '2024-11-01', 'SA-68005', 97.39, 1, 12.01, 62.97),
('ORD-142666', '2024-07-05', '2024-08-09', 'SA-12683', 424.63, 1, 24.03, 68.55),
('ORD-143447', '2024-03-16', '2024-07-09', 'SA-85966', 205.65, 2, 20.55, 59.94),
('ORD-145438', '2024-09-08', '2024-02-19', 'SA-42306', 361.24, 1, 25.17, 33.32),
('ORD-145634', '2024-12-23', '2024-01-09', 'SA-52857', 66.06, 2, 24.96, 97.40),
('ORD-145944', '2024-06-19', '2024-04-04', 'SA-14033', 422.21, 3, 7.10, 68.70),
('ORD-148080', '2024-02-12', '2024-05-12', 'SA-12045', 346.50, 1, 40.60, 89.67),
('ORD-148899', '2024-11-15', '2024-09-08', 'SA-56963', 151.10, 4, 36.56, 52.91),
('ORD-149677', '2024-11-19', '2024-12-05', 'SA-23800', 220.01, 1, 18.70, 58.29),
('ORD-150860', '2024-11-03', '2024-06-25', 'SA-86722', 233.47, 2, 8.58, 65.19),
('ORD-153675', '2024-07-02', '2024-08-18', 'SA-99420', 153.72, 1, 31.84, 11.42),
('ORD-153817', '2024-04-08', '2024-10-21', 'SA-62524', 243.38, 4, 12.97, 13.11),
('ORD-154143', '2024-01-26', '2024-07-01', 'SA-90367', 239.25, 4, 6.14, 31.71),
('ORD-154503', '2024-12-19', '2024-06-05', 'SA-46142', 369.04, 3, 7.69, 15.03),
('ORD-156892', '2024-01-24', '2024-04-10', 'SA-82073', 327.23, 3, 35.85, 28.19),
('ORD-157352', '2024-11-01', '2024-01-19', 'SA-25678', 354.98, 5, 25.29, 37.79),
('ORD-157585', '2024-06-18', '2024-06-08', 'SA-55746', 145.22, 2, 19.54, 13.22),
('ORD-158641', '2024-07-21', '2024-09-23', 'SA-56809', 369.38, 2, 37.05, 90.09),
('ORD-160066', '2024-10-16', '2024-11-09', 'SA-21032', 269.78, 1, 39.12, 97.89),
('ORD-160477', '2024-06-25', '2024-10-19', 'SA-35761', 281.51, 3, 46.42, 71.88),
('ORD-160515', '2024-06-15', '2024-08-09', 'SA-36502', 463.19, 4, 33.09, 56.81),
('ORD-161679', '2024-10-25', '2024-07-22', 'SA-28231', 221.48, 2, 26.14, 73.09),
('ORD-162189', '2024-04-16', '2024-06-04', 'SA-74563', 131.22, 2, 43.54, 41.08),
('ORD-162428', '2024-10-04', '2024-09-17', 'SA-82793', 384.80, 2, 45.30, 42.62),
('ORD-163168', '2024-11-02', '2024-02-13', 'SA-70933', 365.10, 5, 42.46, 15.15),
('ORD-163689', '2024-07-12', '2024-10-13', 'SA-43920', 301.69, 5, 22.04, 70.83),
('ORD-165756', '2024-08-19', '2024-08-06', 'SA-65478', 208.56, 2, 14.38, 75.75),
('ORD-171025', '2024-04-06', '2024-11-16', 'SA-41497', 173.97, 4, 35.23, 76.25),
('ORD-171882', '2024-04-27', '2024-09-14', 'SA-35761', 115.51, 1, 37.39, 77.50),
('ORD-172522', '2024-03-12', '2024-08-01', 'SA-52326', 289.60, 1, 33.44, 72.59),
('ORD-173560', '2024-10-02', '2024-03-05', 'SA-49149', 401.87, 1, 47.99, 10.00),
('ORD-174023', '2024-09-08', '2024-03-02', 'SA-55746', 253.75, 3, 35.34, 87.01),
('ORD-174340', '2024-04-23', '2024-09-16', 'SA-54597', 469.68, 4, 6.39, 93.38),
('ORD-174700', '2024-04-10', '2024-05-22', 'SA-21518', 122.83, 3, 22.70, 71.55),
('ORD-174757', '2024-05-16', '2024-11-03', 'SA-54243', 311.26, 4, 33.03, 77.10),
('ORD-175154', '2024-08-27', '2024-04-20', 'SA-81773', 393.21, 4, 19.09, 21.61),
('ORD-176414', '2024-07-11', '2024-02-16', 'SA-42519', 379.69, 1, 38.65, 60.47),
('ORD-176580', '2024-05-23', '2024-11-03', 'SA-89203', 116.45, 4, 36.37, 98.80),
('ORD-178384', '2024-04-03', '2024-11-20', 'SA-52326', 315.68, 1, 31.12, 57.70),
('ORD-180504', '2024-04-24', '2024-02-22', 'SA-45662', 311.09, 3, 35.69, 12.30),
('ORD-182030', '2024-11-24', '2024-03-12', 'SA-52474', 439.24, 3, 30.77, 37.91),
('ORD-183102', '2024-06-05', '2024-03-15', 'SA-56722', 206.08, 1, 14.19, 58.52),
('ORD-184201', '2024-06-05', '2024-05-08', 'SA-18418', 272.73, 5, 39.85, 95.23),
('ORD-184533', '2024-03-19', '2024-02-12', 'SA-52857', 396.52, 4, 25.85, 77.66),
('ORD-188959', '2024-10-23', '2024-05-24', 'SA-37529', 294.47, 3, 9.58, 34.90),
('ORD-188965', '2024-12-10', '2024-04-03', 'SA-49660', 369.36, 2, 46.89, 79.54),
('ORD-189102', '2024-03-25', '2024-04-01', 'SA-60937', 254.16, 5, 48.76, 59.50),
('ORD-191834', '2024-06-28', '2024-01-02', 'SA-17278', 354.03, 5, 27.47, 61.19),
('ORD-192720', '2024-11-20', '2024-04-10', 'SA-65331', 170.44, 2, 42.31, 84.61),
('ORD-192902', '2024-01-24', '2024-02-13', 'SA-92232', 243.10, 4, 39.24, 75.95),
('ORD-193431', '2024-08-09', '2024-06-05', 'SA-74307', 379.43, 2, 16.46, 68.80),
('ORD-194700', '2024-09-03', '2024-06-13', 'SA-29564', 84.63, 4, 19.78, 97.25),
('ORD-194745', '2024-12-03', '2024-11-15', 'SA-48212', 473.75, 3, 26.82, 66.86),
('ORD-196403', '2024-05-13', '2024-07-11', 'SA-68005', 269.99, 3, 6.80, 91.59),
('ORD-196503', '2024-11-25', '2024-11-14', 'SA-19999', 56.96, 1, 12.30, 61.77),
('ORD-196505', '2024-07-15', '2024-06-16', 'SA-13866', 329.39, 5, 38.86, 18.44),
('ORD-197809', '2024-09-07', '2024-11-11', 'SA-47047', 388.85, 3, 38.82, 21.80),
('ORD-197930', '2024-03-27', '2024-08-22', 'SA-97142', 92.64, 2, 42.29, 69.36),
('ORD-201182', '2024-11-21', '2024-09-13', 'SA-42306', 128.13, 2, 15.57, 58.83),
('ORD-201282', '2024-05-20', '2024-10-13', 'SA-14190', 232.21, 5, 30.24, 17.42),
('ORD-201329', '2024-06-04', '2024-09-20', 'SA-18418', 399.28, 4, 29.31, 65.08),
('ORD-202456', '2024-11-06', '2024-07-20', 'SA-55027', 426.59, 5, 13.69, 78.72),
('ORD-204575', '2024-02-14', '2024-04-27', 'SA-84164', 72.39, 4, 46.86, 18.93),
('ORD-204736', '2024-03-13', '2024-02-04', 'SA-55877', 183.02, 5, 38.89, 82.18),
('ORD-205054', '2024-08-10', '2024-08-08', 'SA-77239', 187.41, 5, 44.51, 93.68),
('ORD-205314', '2024-02-09', '2024-09-14', 'SA-50239', 262.55, 3, 7.20, 84.89),
('ORD-206548', '2024-01-17', '2024-10-05', 'SA-41147', 151.21, 5, 46.26, 96.00),
('ORD-210932', '2024-03-15', '2024-04-19', 'SA-21032', 128.18, 5, 12.40, 67.75),
('ORD-210969', '2024-07-16', '2024-03-28', 'SA-99703', 64.75, 4, 33.94, 75.73),
('ORD-211695', '2024-04-28', '2024-12-24', 'SA-65331', 423.83, 2, 6.09, 19.13),
('ORD-211945', '2024-09-10', '2024-06-26', 'SA-67793', 164.34, 2, 19.22, 53.95),
('ORD-213181', '2024-11-09', '2024-01-17', 'SA-52653', 83.89, 4, 43.33, 21.29),
('ORD-213883', '2024-11-12', '2024-05-27', 'SA-62449', 393.54, 3, 19.18, 84.68),
('ORD-214205', '2024-02-19', '2024-11-09', 'SA-91557', 400.12, 2, 26.36, 59.95),
('ORD-214334', '2024-01-15', '2024-09-24', 'SA-78492', 424.37, 1, 7.01, 98.63),
('ORD-215870', '2024-11-14', '2024-08-03', 'SA-63910', 488.31, 2, 41.65, 35.32),
('ORD-217057', '2024-04-09', '2024-11-27', 'SA-43841', 392.40, 4, 37.31, 75.20),
('ORD-217955', '2024-05-10', '2024-05-02', 'SA-12610', 180.77, 1, 34.26, 33.61),
('ORD-218110', '2024-10-03', '2024-08-11', 'SA-12506', 170.07, 5, 32.50, 14.84),
('ORD-218144', '2024-03-10', '2024-01-26', 'SA-58612', 414.27, 4, 33.80, 38.42),
('ORD-218351', '2024-03-23', '2024-11-19', 'SA-67388', 310.87, 3, 11.04, 22.39),
('ORD-218897', '2024-10-17', '2024-06-13', 'SA-38826', 65.42, 4, 42.24, 15.49),
('ORD-219518', '2024-02-10', '2024-10-09', 'SA-50400', 240.26, 1, 40.50, 41.64),
('ORD-220395', '2024-06-25', '2024-10-10', 'SA-77207', 140.72, 5, 16.85, 29.90),
('ORD-220784', '2024-03-07', '2024-12-05', 'SA-62107', 195.23, 5, 28.82, 74.68),
('ORD-220992', '2024-02-08', '2024-05-01', 'SA-43992', 462.65, 5, 41.93, 58.84),
('ORD-221133', '2024-07-27', '2024-10-02', 'SA-89763', 227.55, 3, 25.02, 20.65),
('ORD-221531', '2024-06-02', '2024-09-23', 'SA-96416', 295.71, 3, 8.97, 18.36),
('ORD-222435', '2024-02-11', '2024-12-25', 'SA-54597', 466.64, 2, 45.74, 59.63),
('ORD-223298', '2024-07-16', '2024-03-04', 'SA-12240', 317.95, 1, 46.91, 41.06),
('ORD-224502', '2024-02-20', '2024-11-17', 'SA-93316', 430.67, 3, 13.19, 78.02),
('ORD-226044', '2024-08-28', '2024-04-08', 'SA-81138', 426.03, 4, 31.83, 11.00),
('ORD-227872', '2024-07-03', '2024-12-02', 'SA-92638', 54.22, 4, 28.27, 12.34),
('ORD-228424', '2024-12-12', '2024-04-11', 'SA-89889', 292.82, 5, 41.84, 64.48),
('ORD-229617', '2024-11-12', '2024-06-28', 'SA-34614', 198.40, 1, 34.39, 50.44),
('ORD-229774', '2024-01-22', '2024-10-01', 'SA-61868', 237.86, 4, 11.45, 62.11),
('ORD-229870', '2024-09-08', '2024-07-12', 'SA-77603', 464.81, 1, 20.24, 38.15),
('ORD-230517', '2024-10-16', '2024-05-21', 'SA-49596', 62.73, 4, 32.14, 27.64),
('ORD-230866', '2024-03-08', '2024-08-06', 'SA-70281', 176.37, 1, 35.76, 48.74),
('ORD-231031', '2024-05-04', '2024-01-24', 'SA-51386', 217.22, 3, 10.07, 72.75),
('ORD-231963', '2024-06-22', '2024-03-17', 'SA-16552', 119.50, 4, 18.22, 47.19),
('ORD-232940', '2024-12-04', '2024-07-12', 'SA-28506', 387.23, 5, 36.64, 63.07),
('ORD-234265', '2024-03-21', '2024-06-07', 'SA-37765', 432.70, 1, 42.74, 49.98),
('ORD-234305', '2024-04-07', '2024-05-01', 'SA-76009', 125.07, 3, 14.16, 82.18),
('ORD-234698', '2024-08-15', '2024-09-23', 'SA-78172', 261.15, 2, 39.82, 67.25),
('ORD-234869', '2024-01-11', '2024-12-08', 'SA-72656', 493.92, 4, 37.84, 21.06),
('ORD-238904', '2024-02-05', '2024-02-12', 'SA-12506', 73.74, 1, 6.01, 39.51),
('ORD-239133', '2024-02-02', '2024-01-01', 'SA-42370', 456.07, 3, 19.57, 25.10),
('ORD-240167', '2024-03-12', '2024-12-16', 'SA-35761', 392.98, 2, 44.70, 59.13),
('ORD-241182', '2024-09-14', '2024-09-18', 'SA-74563', 323.00, 4, 25.29, 91.26),
('ORD-242440', '2024-11-09', '2024-08-13', 'SA-48919', 297.58, 1, 11.10, 39.12),
('ORD-244056', '2024-02-10', '2024-08-03', 'SA-84164', 316.75, 5, 14.50, 49.75),
('ORD-245260', '2024-02-11', '2024-10-14', 'SA-29683', 176.74, 3, 41.46, 70.94),
('ORD-246767', '2024-12-24', '2024-10-18', 'SA-64539', 334.12, 3, 10.89, 16.47),
('ORD-248801', '2024-10-19', '2024-10-03', 'SA-58352', 160.76, 1, 33.31, 19.98),
('ORD-249311', '2024-08-20', '2024-04-21', 'SA-18609', 397.38, 3, 15.21, 89.80),
('ORD-250599', '2024-10-20', '2024-03-17', 'SA-57397', 168.90, 3, 12.24, 12.23),
('ORD-253339', '2024-05-20', '2024-01-01', 'SA-48037', 227.33, 2, 32.13, 48.46),
('ORD-253449', '2024-11-11', '2024-11-16', 'SA-84001', 74.98, 4, 22.47, 82.32),
('ORD-253502', '2024-05-25', '2024-04-23', 'SA-36470', 233.06, 2, 5.31, 83.60),
('ORD-254082', '2024-08-22', '2024-06-17', 'SA-17094', 239.92, 4, 34.18, 57.39),
('ORD-256130', '2024-06-15', '2024-05-21', 'SA-66423', 81.36, 5, 24.27, 36.99),
('ORD-256603', '2024-06-11', '2024-03-10', 'SA-20128', 115.02, 1, 45.65, 88.50),
('ORD-257084', '2024-06-27', '2024-01-25', 'SA-53390', 215.52, 2, 28.09, 95.01),
('ORD-258494', '2024-11-24', '2024-09-15', 'SA-90799', 444.86, 4, 44.30, 46.92),
('ORD-260405', '2024-05-12', '2024-08-03', 'SA-51355', 243.42, 4, 20.76, 89.12),
('ORD-261477', '2024-09-27', '2024-06-06', 'SA-68603', 246.65, 4, 31.28, 49.20),
('ORD-262310', '2024-11-20', '2024-11-18', 'SA-56809', 62.53, 2, 35.42, 38.26),
('ORD-262369', '2024-09-08', '2024-08-09', 'SA-65717', 113.32, 1, 44.64, 72.09),
('ORD-262543', '2024-06-08', '2024-09-05', 'SA-21518', 406.74, 3, 16.91, 10.15),
('ORD-263301', '2024-01-07', '2024-03-07', 'SA-72283', 411.87, 4, 7.36, 52.69),
('ORD-263976', '2024-01-27', '2024-06-22', 'SA-38761', 483.03, 1, 8.12, 31.55),
('ORD-264817', '2024-09-11', '2024-02-24', 'SA-52349', 183.28, 3, 19.91, 62.10),
('ORD-266181', '2024-09-08', '2024-04-26', 'SA-90110', 380.02, 2, 25.93, 33.46),
('ORD-266901', '2024-07-05', '2024-06-13', 'SA-15249', 216.53, 2, 45.65, 47.67),
('ORD-270697', '2024-02-26', '2024-02-17', 'SA-43992', 473.61, 5, 13.08, 74.69),
('ORD-272554', '2024-11-23', '2024-08-27', 'SA-49011', 161.47, 2, 27.26, 43.16),
('ORD-273296', '2024-07-28', '2024-04-12', 'SA-13535', 487.55, 5, 34.79, 70.42),
('ORD-274018', '2024-01-12', '2024-11-03', 'SA-24132', 462.26, 2, 37.88, 34.16),
('ORD-279996', '2024-07-16', '2024-11-05', 'SA-75958', 63.40, 4, 32.42, 22.56),
('ORD-281109', '2024-12-23', '2024-02-02', 'SA-40830', 278.14, 1, 18.08, 38.00),
('ORD-286798', '2024-07-25', '2024-12-01', 'SA-56809', 438.85, 3, 37.97, 24.32),
('ORD-287004', '2024-05-26', '2024-01-03', 'SA-31511', 125.18, 4, 23.50, 53.75),
('ORD-287656', '2024-02-05', '2024-11-27', 'SA-64806', 408.64, 5, 7.69, 77.24),
('ORD-288594', '2024-12-08', '2024-03-06', 'SA-67912', 218.40, 3, 19.03, 39.24),
('ORD-290885', '2024-02-03', '2024-10-15', 'SA-49332', 306.11, 4, 14.41, 10.64),
('ORD-291451', '2024-04-06', '2024-03-26', 'SA-89203', 396.71, 1, 11.37, 40.31),
('ORD-295551', '2024-01-07', '2024-10-23', 'SA-62744', 225.52, 5, 39.81, 12.26),
('ORD-296827', '2024-09-07', '2024-02-16', 'SA-79802', 383.82, 5, 14.21, 58.17),
('ORD-299182', '2024-03-19', '2024-10-28', 'SA-45819', 427.56, 4, 31.71, 13.61),
('ORD-299206', '2024-02-01', '2024-01-14', 'SA-80250', 430.97, 3, 11.01, 71.22),
('ORD-299370', '2024-11-12', '2024-04-28', 'SA-86722', 111.15, 5, 7.95, 64.12),
('ORD-299504', '2024-07-01', '2024-02-26', 'SA-36806', 464.18, 3, 19.66, 44.53),
('ORD-302427', '2024-04-10', '2024-11-02', 'SA-48919', 376.89, 4, 10.79, 78.25),
('ORD-303283', '2024-08-05', '2024-06-13', 'SA-95299', 195.49, 1, 39.66, 39.78),
('ORD-304464', '2024-08-19', '2024-10-24', 'SA-54243', 301.62, 1, 49.31, 13.54),
('ORD-306013', '2024-12-22', '2024-03-21', 'SA-64107', 108.03, 3, 40.96, 11.39),
('ORD-306125', '2024-04-11', '2024-03-19', 'SA-45333', 284.04, 4, 6.86, 17.36),
('ORD-306981', '2024-09-08', '2024-03-04', 'SA-52048', 471.46, 3, 26.86, 76.72),
('ORD-308750', '2024-08-19', '2024-07-05', 'SA-89203', 381.06, 5, 43.31, 81.18),
('ORD-310779', '2024-05-27', '2024-08-04', 'SA-64107', 224.91, 5, 9.64, 68.94),
('ORD-313365', '2024-10-12', '2024-04-05', 'SA-62449', 165.34, 2, 40.20, 84.67),
('ORD-314244', '2024-12-10', '2024-11-26', 'SA-96002', 136.03, 4, 25.70, 94.40),
('ORD-315277', '2024-12-21', '2024-11-19', 'SA-68005', 143.51, 3, 17.00, 41.63),
('ORD-315410', '2024-09-21', '2024-03-10', 'SA-98411', 499.48, 5, 34.99, 48.60),
('ORD-315978', '2024-02-23', '2024-11-25', 'SA-50655', 275.21, 4, 37.38, 60.69),
('ORD-318424', '2024-09-23', '2024-03-05', 'SA-59898', 105.23, 4, 35.59, 30.41),
('ORD-318708', '2024-08-17', '2024-05-08', 'SA-80020', 350.96, 5, 14.07, 93.69),
('ORD-320390', '2024-01-07', '2024-05-03', 'SA-87599', 50.50, 3, 22.89, 51.34),
('ORD-321445', '2024-01-14', '2024-11-24', 'SA-19999', 241.72, 1, 21.94, 78.42),
('ORD-321511', '2024-11-09', '2024-06-25', 'SA-48957', 112.27, 2, 29.57, 81.86),
('ORD-322463', '2024-01-02', '2024-05-09', 'SA-29683', 186.94, 1, 6.08, 67.78),
('ORD-322708', '2024-10-09', '2024-05-10', 'SA-57340', 453.74, 2, 19.11, 28.91),
('ORD-322819', '2024-10-15', '2024-04-02', 'SA-97805', 363.99, 2, 8.20, 81.09),
('ORD-323168', '2024-06-09', '2024-08-06', 'SA-92763', 317.18, 3, 34.74, 93.26),
('ORD-324210', '2024-05-13', '2024-05-16', 'SA-59762', 337.09, 2, 24.40, 66.97),
('ORD-325869', '2024-04-09', '2024-02-19', 'SA-30161', 380.89, 4, 24.02, 93.23),
('ORD-326228', '2024-06-09', '2024-02-20', 'SA-20526', 141.84, 2, 17.39, 71.23),
('ORD-327075', '2024-09-01', '2024-01-18', 'SA-23150', 340.76, 5, 48.33, 22.78),
('ORD-329153', '2024-06-06', '2024-05-21', 'SA-52349', 445.23, 5, 7.48, 89.74),
('ORD-329647', '2024-02-07', '2024-05-28', 'SA-14322', 427.80, 5, 39.26, 58.59),
('ORD-331295', '2024-06-24', '2024-10-04', 'SA-40830', 389.02, 3, 33.41, 24.94),
('ORD-331887', '2024-05-28', '2024-04-01', 'SA-39640', 178.33, 4, 48.72, 48.92),
('ORD-331950', '2024-01-27', '2024-05-09', 'SA-77054', 167.49, 1, 11.14, 53.97),
('ORD-332327', '2024-02-01', '2024-11-05', 'SA-27682', 94.67, 4, 34.71, 11.33),
('ORD-332548', '2024-12-11', '2024-08-14', 'SA-58352', 368.93, 1, 9.97, 43.72),
('ORD-333692', '2024-04-22', '2024-02-02', 'SA-45662', 386.69, 2, 18.18, 71.10),
('ORD-335102', '2024-06-17', '2024-08-15', 'SA-91557', 405.57, 2, 20.06, 37.72),
('ORD-335936', '2024-09-26', '2024-06-03', 'SA-40944', 127.54, 4, 38.45, 28.89),
('ORD-336724', '2024-03-15', '2024-07-10', 'SA-51592', 381.00, 2, 45.68, 43.81),
('ORD-337534', '2024-09-27', '2024-12-07', 'SA-46142', 499.20, 5, 37.72, 11.19),
('ORD-339538', '2024-02-06', '2024-08-05', 'SA-50335', 249.52, 5, 26.33, 98.17),
('ORD-339785', '2024-12-02', '2024-12-20', 'SA-66199', 137.62, 5, 29.67, 33.34),
('ORD-340324', '2024-12-05', '2024-12-14', 'SA-77207', 321.93, 3, 26.30, 39.90),
('ORD-341077', '2024-08-11', '2024-04-06', 'SA-73822', 331.28, 3, 45.50, 94.79),
('ORD-342244', '2024-04-18', '2024-10-10', 'SA-42306', 113.15, 1, 43.07, 90.74),
('ORD-342304', '2024-07-15', '2024-04-04', 'SA-91501', 377.14, 1, 11.79, 22.63),
('ORD-343060', '2024-12-11', '2024-01-21', 'SA-99420', 117.79, 5, 43.33, 83.15),
('ORD-343772', '2024-11-19', '2024-01-21', 'SA-78809', 297.20, 1, 44.43, 16.93),
('ORD-345677', '2024-07-19', '2024-03-09', 'SA-72839', 466.43, 4, 13.27, 47.65),
('ORD-345774', '2024-05-06', '2024-12-28', 'SA-12683', 465.05, 2, 9.15, 10.54),
('ORD-346729', '2024-04-09', '2024-02-04', 'SA-96404', 261.65, 3, 41.63, 46.05),
('ORD-346898', '2024-02-03', '2024-06-05', 'SA-57679', 360.06, 5, 5.87, 69.20),
('ORD-347345', '2024-11-26', '2024-10-28', 'SA-70933', 191.80, 5, 6.04, 74.03),
('ORD-347930', '2024-09-03', '2024-10-16', 'SA-52346', 211.09, 4, 23.98, 55.12),
('ORD-348652', '2024-02-20', '2024-02-08', 'SA-96404', 336.12, 2, 21.13, 10.29),
('ORD-351014', '2024-02-19', '2024-08-23', 'SA-51198', 375.66, 2, 18.53, 41.42),
('ORD-351147', '2024-01-04', '2024-07-26', 'SA-57442', 201.57, 4, 18.96, 36.48),
('ORD-351719', '2024-06-08', '2024-06-22', 'SA-15995', 277.65, 5, 31.52, 61.04),
('ORD-353592', '2024-08-18', '2024-10-16', 'SA-11049', 451.04, 4, 7.37, 20.15),
('ORD-355633', '2024-04-15', '2024-09-23', 'SA-88257', 135.14, 5, 48.66, 50.58),
('ORD-356403', '2024-02-23', '2024-06-23', 'SA-74364', 464.38, 5, 6.01, 23.98),
('ORD-356866', '2024-01-20', '2024-07-09', 'SA-62449', 207.88, 3, 38.48, 27.77),
('ORD-357971', '2024-08-17', '2024-06-19', 'SA-96538', 356.66, 3, 24.34, 49.99),
('ORD-359029', '2024-12-25', '2024-06-21', 'SA-81393', 357.20, 5, 26.47, 80.03),
('ORD-359437', '2024-12-07', '2024-10-09', 'SA-90201', 368.53, 4, 20.14, 85.12),
('ORD-360123', '2024-07-04', '2024-10-21', 'SA-71871', 453.88, 4, 32.64, 26.81),
('ORD-362653', '2024-10-20', '2024-04-26', 'SA-66417', 181.69, 2, 32.37, 24.61),
('ORD-365478', '2024-04-07', '2024-12-23', 'SA-47449', 353.58, 3, 21.12, 67.44),
('ORD-366380', '2024-08-02', '2024-12-14', 'SA-94364', 104.88, 2, 25.04, 14.11),
('ORD-368904', '2024-09-17', '2024-05-10', 'SA-81393', 391.86, 2, 40.56, 69.55),
('ORD-369655', '2024-11-25', '2024-05-12', 'SA-96378', 108.31, 3, 43.73, 21.11),
('ORD-369990', '2024-11-03', '2024-08-15', 'SA-11247', 350.69, 1, 46.10, 70.67),
('ORD-370660', '2024-05-16', '2024-04-21', 'SA-91557', 369.36, 2, 47.25, 66.08),
('ORD-371619', '2024-10-23', '2024-08-12', 'SA-64684', 52.16, 2, 22.99, 48.66),
('ORD-371709', '2024-01-21', '2024-10-19', 'SA-14653', 238.12, 4, 48.51, 91.70),
('ORD-371860', '2024-06-11', '2024-02-28', 'SA-72559', 357.63, 4, 17.31, 26.01),
('ORD-372570', '2024-05-26', '2024-05-28', 'SA-54597', 134.85, 4, 17.30, 56.40),
('ORD-372733', '2024-01-16', '2024-08-04', 'SA-11247', 106.20, 5, 24.77, 21.41),
('ORD-373604', '2024-08-16', '2024-02-13', 'SA-77056', 66.19, 5, 27.80, 95.42),
('ORD-374825', '2024-02-22', '2024-01-25', 'SA-52679', 325.19, 5, 10.17, 17.06),
('ORD-376226', '2024-09-22', '2024-08-16', 'SA-53132', 465.78, 4, 13.70, 36.84),
('ORD-378925', '2024-07-05', '2024-01-05', 'SA-48503', 290.15, 1, 32.83, 67.08),
('ORD-379500', '2024-03-26', '2024-08-24', 'SA-40944', 232.35, 5, 39.03, 81.60),
('ORD-379551', '2024-07-13', '2024-07-26', 'SA-82374', 324.03, 1, 20.93, 15.04),
('ORD-380230', '2024-02-06', '2024-01-15', 'SA-78492', 389.39, 3, 21.04, 10.90),
('ORD-380252', '2024-11-07', '2024-11-18', 'SA-13349', 373.68, 3, 39.80, 78.15),
('ORD-381769', '2024-11-03', '2024-05-04', 'SA-53470', 331.96, 1, 37.93, 41.76),
('ORD-382588', '2024-11-15', '2024-01-26', 'SA-17278', 169.12, 4, 35.43, 15.20),
('ORD-382942', '2024-06-16', '2024-05-28', 'SA-72656', 344.18, 5, 43.61, 56.81),
('ORD-383065', '2024-07-27', '2024-07-13', 'SA-11613', 144.98, 1, 45.37, 64.41),
('ORD-384224', '2024-09-05', '2024-10-26', 'SA-14033', 86.23, 3, 6.28, 55.68),
('ORD-384230', '2024-02-28', '2024-10-20', 'SA-23636', 285.97, 5, 38.77, 10.40),
('ORD-385446', '2024-06-21', '2024-04-05', 'SA-50754', 232.23, 1, 47.40, 63.50),
('ORD-386023', '2024-01-03', '2024-01-01', 'SA-97955', 333.05, 4, 7.02, 45.43),
('ORD-387970', '2024-03-04', '2024-11-06', 'SA-94369', 255.78, 5, 21.06, 19.14),
('ORD-391852', '2024-11-13', '2024-06-11', 'SA-80885', 69.64, 4, 18.29, 20.43),
('ORD-391951', '2024-06-18', '2024-09-06', 'SA-49458', 271.46, 5, 27.26, 48.22),
('ORD-391956', '2024-09-10', '2024-01-07', 'SA-80822', 56.31, 1, 12.58, 59.73),
('ORD-392155', '2024-03-17', '2024-09-20', 'SA-45088', 119.54, 1, 47.58, 68.47),
('ORD-392447', '2024-08-07', '2024-02-22', 'SA-11968', 106.62, 4, 42.49, 76.01),
('ORD-392542', '2024-12-16', '2024-11-24', 'SA-74807', 189.81, 5, 33.00, 99.60),
('ORD-393622', '2024-03-07', '2024-04-14', 'SA-84219', 426.42, 5, 13.50, 91.68),
('ORD-394451', '2024-12-21', '2024-12-10', 'SA-15249', 377.55, 5, 19.33, 26.15),
('ORD-395972', '2024-07-12', '2024-06-03', 'SA-72283', 408.76, 4, 10.63, 99.77),
('ORD-396607', '2024-02-11', '2024-12-18', 'SA-73568', 101.05, 5, 20.59, 50.11),
('ORD-397322', '2024-03-10', '2024-02-19', 'SA-81901', 286.75, 3, 19.98, 73.71),
('ORD-398939', '2024-10-05', '2024-09-04', 'SA-20128', 86.82, 4, 26.38, 31.01),
('ORD-398975', '2024-03-02', '2024-03-26', 'SA-52346', 150.54, 3, 13.18, 38.13),
('ORD-399907', '2024-07-01', '2024-02-10', 'SA-78492', 136.12, 1, 16.67, 89.27),
('ORD-400055', '2024-04-17', '2024-10-21', 'SA-58612', 111.80, 1, 26.57, 64.11),
('ORD-401349', '2024-01-16', '2024-06-22', 'SA-93316', 407.06, 2, 25.72, 69.33),
('ORD-402406', '2024-10-28', '2024-04-04', 'SA-78172', 281.95, 2, 31.80, 24.86),
('ORD-404068', '2024-01-15', '2024-10-07', 'SA-73416', 387.71, 3, 45.87, 51.04),
('ORD-404610', '2024-06-23', '2024-02-01', 'SA-52679', 460.73, 3, 21.16, 40.10),
('ORD-405664', '2024-12-22', '2024-06-02', 'SA-98411', 82.25, 2, 38.54, 52.42),
('ORD-407596', '2024-02-02', '2024-05-22', 'SA-30915', 160.08, 3, 16.67, 12.20),
('ORD-410743', '2024-06-18', '2024-12-04', 'SA-87521', 459.12, 4, 26.95, 65.94),
('ORD-411213', '2024-08-11', '2024-12-16', 'SA-33289', 312.14, 4, 26.87, 18.30),
('ORD-412352', '2024-09-26', '2024-02-16', 'SA-69076', 243.38, 4, 12.50, 71.48),
('ORD-412643', '2024-05-22', '2024-12-13', 'SA-59506', 187.12, 3, 29.74, 88.68),
('ORD-413549', '2024-11-07', '2024-01-23', 'SA-75615', 188.94, 2, 37.48, 16.65),
('ORD-414563', '2024-08-03', '2024-10-05', 'SA-94369', 367.27, 3, 46.87, 25.11),
('ORD-414752', '2024-12-17', '2024-08-15', 'SA-29890', 117.76, 4, 29.30, 49.19),
('ORD-415284', '2024-01-24', '2024-09-01', 'SA-37075', 98.15, 4, 13.98, 39.30),
('ORD-421502', '2024-06-14', '2024-05-19', 'SA-52326', 157.24, 4, 21.83, 58.00),
('ORD-423081', '2024-03-19', '2024-10-18', 'SA-30380', 388.08, 2, 41.75, 65.23),
('ORD-423927', '2024-10-24', '2024-06-23', 'SA-45088', 75.20, 2, 27.09, 21.54),
('ORD-424197', '2024-07-21', '2024-05-15', 'SA-54597', 365.47, 5, 23.79, 13.12),
('ORD-424928', '2024-03-19', '2024-01-12', 'SA-39891', 202.10, 4, 25.48, 47.23),
('ORD-425114', '2024-08-06', '2024-10-20', 'SA-23536', 206.77, 5, 32.34, 64.10),
('ORD-425397', '2024-02-24', '2024-06-14', 'SA-49332', 78.06, 2, 33.16, 43.11),
('ORD-426612', '2024-03-07', '2024-06-15', 'SA-40830', 378.60, 3, 40.51, 22.29),
('ORD-428069', '2024-04-23', '2024-11-23', 'SA-46330', 104.00, 5, 5.28, 42.44),
('ORD-428572', '2024-11-19', '2024-04-19', 'SA-29014', 210.06, 4, 28.24, 23.41),
('ORD-430568', '2024-07-02', '2024-02-14', 'SA-72384', 291.20, 3, 30.70, 25.18),
('ORD-430907', '2024-05-09', '2024-06-21', 'SA-59762', 169.31, 3, 49.43, 20.42),
('ORD-431414', '2024-01-13', '2024-05-20', 'SA-95063', 68.76, 4, 48.39, 25.93),
('ORD-431430', '2024-10-14', '2024-11-25', 'SA-68330', 163.84, 4, 15.78, 56.50),
('ORD-432274', '2024-02-20', '2024-11-03', 'SA-48503', 372.51, 3, 26.52, 94.67),
('ORD-433210', '2024-12-05', '2024-08-16', 'SA-53470', 96.09, 4, 12.97, 65.52),
('ORD-436514', '2024-07-17', '2024-07-06', 'SA-82374', 198.06, 1, 5.70, 74.19),
('ORD-436987', '2024-07-15', '2024-02-22', 'SA-64890', 424.39, 3, 33.37, 31.13),
('ORD-438504', '2024-01-12', '2024-05-22', 'SA-26927', 127.10, 1, 18.17, 68.99),
('ORD-438636', '2024-12-21', '2024-11-18', 'SA-14675', 177.89, 2, 26.55, 80.58),
('ORD-439500', '2024-09-16', '2024-01-03', 'SA-48037', 340.43, 5, 7.26, 15.11),
('ORD-440905', '2024-06-20', '2024-02-19', 'SA-83535', 88.60, 4, 47.56, 32.80),
('ORD-441033', '2024-03-11', '2024-11-25', 'SA-82442', 451.32, 1, 39.09, 41.80),
('ORD-441613', '2024-11-26', '2024-03-15', 'SA-46199', 106.22, 2, 49.02, 36.46),
('ORD-441738', '2024-08-05', '2024-05-14', 'SA-59762', 216.72, 4, 10.09, 47.73),
('ORD-442842', '2024-06-12', '2024-09-02', 'SA-72283', 134.68, 5, 16.73, 27.94),
('ORD-444121', '2024-07-07', '2024-11-05', 'SA-19849', 224.98, 4, 20.75, 32.95),
('ORD-444569', '2024-06-21', '2024-12-17', 'SA-20128', 452.57, 1, 26.03, 83.58),
('ORD-444880', '2024-10-14', '2024-08-06', 'SA-96378', 130.98, 5, 24.66, 24.64),
('ORD-445279', '2024-11-13', '2024-12-08', 'SA-98715', 258.96, 2, 38.53, 53.14),
('ORD-446262', '2024-05-03', '2024-05-12', 'SA-58473', 104.77, 1, 46.91, 88.66),
('ORD-446535', '2024-02-24', '2024-12-02', 'SA-96538', 106.33, 1, 45.43, 45.19),
('ORD-447180', '2024-04-10', '2024-01-10', 'SA-38371', 207.02, 4, 37.26, 65.74),
('ORD-448818', '2024-08-08', '2024-09-05', 'SA-62744', 121.91, 3, 32.90, 31.45),
('ORD-449240', '2024-10-10', '2024-09-16', 'SA-90367', 248.00, 1, 37.25, 63.14),
('ORD-450191', '2024-12-02', '2024-09-05', 'SA-65331', 350.77, 4, 43.11, 92.41),
('ORD-451688', '2024-08-22', '2024-12-09', 'SA-98494', 336.87, 3, 25.24, 38.52),
('ORD-453802', '2024-12-19', '2024-01-17', 'SA-58978', 97.91, 1, 39.02, 75.97),
('ORD-454983', '2024-01-18', '2024-08-01', 'SA-30456', 207.11, 4, 32.04, 93.70),
('ORD-455661', '2024-12-05', '2024-06-14', 'SA-67912', 363.21, 2, 20.20, 22.21),
('ORD-456159', '2024-09-26', '2024-10-19', 'SA-33465', 298.70, 1, 25.71, 39.04),
('ORD-456654', '2024-07-01', '2024-04-24', 'SA-95669', 410.61, 3, 44.32, 66.14),
('ORD-456743', '2024-12-03', '2024-02-23', 'SA-40721', 133.10, 4, 22.59, 76.52),
('ORD-458247', '2024-09-12', '2024-02-14', 'SA-28158', 176.24, 3, 38.33, 56.16),
('ORD-458858', '2024-02-03', '2024-04-03', 'SA-41147', 483.54, 4, 31.92, 14.64),
('ORD-460199', '2024-11-24', '2024-11-16', 'SA-62067', 178.34, 3, 6.51, 51.55),
('ORD-460587', '2024-04-14', '2024-04-01', 'SA-96416', 261.53, 5, 31.60, 11.17),
('ORD-461787', '2024-09-23', '2024-03-22', 'SA-25261', 129.19, 2, 24.26, 81.78),
('ORD-461953', '2024-11-22', '2024-05-20', 'SA-28506', 142.93, 5, 19.72, 53.94),
('ORD-462461', '2024-11-25', '2024-08-10', 'SA-53249', 112.82, 3, 45.73, 20.03),
('ORD-463722', '2024-05-26', '2024-10-15', 'SA-49759', 261.02, 2, 37.99, 78.19),
('ORD-464155', '2024-03-12', '2024-11-23', 'SA-30456', 73.03, 1, 31.22, 30.25),
('ORD-464336', '2024-05-27', '2024-03-05', 'SA-44209', 462.40, 2, 7.84, 88.78),
('ORD-464480', '2024-06-10', '2024-10-24', 'SA-22559', 181.63, 5, 37.49, 59.61),
('ORD-465135', '2024-01-27', '2024-06-04', 'SA-84164', 308.78, 4, 25.02, 22.94),
('ORD-465320', '2024-05-08', '2024-01-14', 'SA-23803', 255.71, 5, 40.51, 71.87),
('ORD-466902', '2024-12-22', '2024-12-28', 'SA-52165', 330.22, 4, 43.50, 94.90),
('ORD-467075', '2024-06-22', '2024-03-19', 'SA-61904', 122.01, 2, 31.70, 28.22),
('ORD-469056', '2024-10-18', '2024-09-10', 'SA-64890', 229.60, 3, 43.79, 10.63),
('ORD-469180', '2024-12-25', '2024-02-06', 'SA-85251', 257.71, 2, 26.75, 88.30),
('ORD-469806', '2024-03-01', '2024-03-16', 'SA-55677', 446.13, 1, 39.49, 17.55),
('ORD-471853', '2024-08-08', '2024-03-10', 'SA-23636', 203.99, 1, 46.56, 91.25),
('ORD-472206', '2024-03-04', '2024-12-13', 'SA-13349', 285.20, 5, 8.23, 23.45),
('ORD-472267', '2024-10-18', '2024-02-01', 'SA-15977', 118.55, 4, 29.37, 48.23),
('ORD-472859', '2024-03-08', '2024-07-01', 'SA-89775', 51.86, 2, 45.79, 55.78),
('ORD-474117', '2024-04-15', '2024-11-20', 'SA-18699', 62.56, 1, 23.79, 88.41),
('ORD-474277', '2024-01-03', '2024-04-23', 'SA-87226', 439.55, 1, 24.91, 25.27),
('ORD-475225', '2024-11-03', '2024-10-04', 'SA-45374', 491.87, 1, 46.26, 90.67),
('ORD-475236', '2024-10-19', '2024-06-18', 'SA-11247', 128.90, 1, 22.00, 82.01),
('ORD-477432', '2024-01-28', '2024-07-18', 'SA-34614', 413.11, 4, 43.87, 60.74),
('ORD-478072', '2024-08-11', '2024-04-04', 'SA-60937', 331.37, 3, 28.61, 51.34),
('ORD-479615', '2024-04-18', '2024-12-07', 'SA-33920', 461.62, 2, 10.20, 57.55),
('ORD-480114', '2024-02-17', '2024-01-28', 'SA-48037', 223.67, 1, 5.56, 14.29),
('ORD-480659', '2024-11-17', '2024-07-20', 'SA-45088', 74.90, 3, 32.06, 40.37),
('ORD-481648', '2024-12-24', '2024-02-09', 'SA-61868', 105.93, 3, 21.50, 76.11),
('ORD-482136', '2024-04-22', '2024-02-24', 'SA-57442', 249.69, 4, 6.52, 80.46),
('ORD-482629', '2024-05-07', '2024-09-21', 'SA-81773', 339.47, 4, 39.60, 16.06),
('ORD-484170', '2024-03-25', '2024-03-28', 'SA-64684', 158.32, 4, 15.81, 28.35),
('ORD-484230', '2024-05-06', '2024-07-20', 'SA-39891', 198.83, 1, 26.88, 58.30),
('ORD-486106', '2024-02-10', '2024-10-27', 'SA-98833', 290.26, 3, 40.69, 93.54),
('ORD-487432', '2024-08-12', '2024-06-19', 'SA-56963', 271.93, 4, 19.66, 77.24),
('ORD-488134', '2024-02-14', '2024-08-22', 'SA-51247', 319.67, 2, 7.44, 59.70),
('ORD-488145', '2024-09-02', '2024-09-18', 'SA-72384', 176.21, 3, 45.35, 52.12),
('ORD-488280', '2024-01-23', '2024-03-11', 'SA-33920', 240.59, 5, 22.19, 75.48),
('ORD-488441', '2024-04-24', '2024-02-13', 'SA-84001', 98.60, 4, 29.47, 78.84),
('ORD-488848', '2024-03-22', '2024-08-05', 'SA-85472', 372.32, 2, 14.97, 42.45),
('ORD-489908', '2024-11-17', '2024-02-25', 'SA-37075', 88.55, 1, 16.69, 63.11),
('ORD-489961', '2024-10-14', '2024-06-12', 'SA-41448', 84.36, 4, 17.03, 99.24),
('ORD-491026', '2024-06-08', '2024-04-09', 'SA-19849', 486.65, 1, 30.99, 40.06),
('ORD-491208', '2024-09-16', '2024-06-02', 'SA-78492', 414.33, 4, 15.74, 61.68),
('ORD-491338', '2024-01-25', '2024-08-02', 'SA-51470', 463.91, 1, 24.03, 33.48),
('ORD-491492', '2024-10-14', '2024-01-01', 'SA-64890', 228.67, 5, 26.45, 52.42),
('ORD-492595', '2024-10-02', '2024-10-23', 'SA-69076', 106.80, 1, 28.95, 60.19),
('ORD-493615', '2024-04-19', '2024-04-08', 'SA-94055', 352.32, 4, 24.70, 16.84),
('ORD-495320', '2024-09-04', '2024-08-28', 'SA-50239', 163.55, 2, 29.38, 22.12),
('ORD-495560', '2024-12-28', '2024-04-04', 'SA-65331', 176.50, 3, 42.08, 28.49),
('ORD-495834', '2024-02-07', '2024-08-26', 'SA-28321', 86.74, 4, 9.08, 63.36),
('ORD-496044', '2024-03-27', '2024-08-28', 'SA-95912', 386.63, 5, 43.29, 75.97),
('ORD-496655', '2024-11-04', '2024-10-28', 'SA-70281', 291.40, 1, 18.26, 91.95),
('ORD-496815', '2024-04-08', '2024-02-16', 'SA-40830', 486.42, 2, 17.54, 34.67),
('ORD-497253', '2024-10-27', '2024-11-12', 'SA-12044', 349.78, 1, 32.04, 48.80),
('ORD-498293', '2024-02-24', '2024-08-14', 'SA-46330', 60.22, 3, 16.74, 51.21),
('ORD-498609', '2024-04-13', '2024-12-28', 'SA-63910', 276.67, 1, 19.21, 38.07),
('ORD-498748', '2024-07-08', '2024-02-09', 'SA-95063', 105.94, 2, 14.77, 96.61),
('ORD-498972', '2024-02-27', '2024-07-26', 'SA-91557', 225.20, 4, 45.82, 59.19),
('ORD-500601', '2024-06-13', '2024-05-04', 'SA-58506', 397.35, 1, 40.84, 79.74),
('ORD-506456', '2024-05-19', '2024-07-26', 'SA-79547', 125.07, 3, 23.92, 63.84),
('ORD-507000', '2024-03-09', '2024-08-16', 'SA-22930', 389.10, 4, 44.80, 12.65),
('ORD-507027', '2024-05-14', '2024-09-20', 'SA-66577', 146.46, 5, 10.82, 12.42),
('ORD-507136', '2024-05-12', '2024-02-17', 'SA-60937', 166.48, 2, 23.44, 45.87),
('ORD-509712', '2024-04-01', '2024-01-11', 'SA-46330', 369.73, 1, 40.03, 19.76),
('ORD-511377', '2024-01-16', '2024-10-03', 'SA-24339', 430.27, 5, 29.22, 63.38),
('ORD-511470', '2024-05-11', '2024-03-13', 'SA-23803', 53.39, 5, 10.83, 56.98),
('ORD-511867', '2024-10-18', '2024-12-18', 'SA-50239', 115.80, 1, 27.88, 88.89),
('ORD-515527', '2024-11-22', '2024-02-02', 'SA-38643', 345.49, 3, 45.29, 25.06),
('ORD-516123', '2024-09-03', '2024-04-24', 'SA-35952', 65.75, 5, 18.51, 13.60),
('ORD-517905', '2024-04-20', '2024-06-02', 'SA-52679', 358.18, 5, 21.31, 19.66),
('ORD-518128', '2024-05-06', '2024-11-05', 'SA-94369', 222.91, 5, 44.41, 95.99),
('ORD-518259', '2024-06-10', '2024-01-28', 'SA-65756', 63.66, 4, 22.40, 94.85),
('ORD-521570', '2024-05-28', '2024-08-03', 'SA-17278', 348.36, 1, 37.23, 94.59),
('ORD-522028', '2024-10-03', '2024-01-17', 'SA-14322', 383.49, 1, 11.35, 98.06),
('ORD-522182', '2024-12-03', '2024-07-19', 'SA-54186', 468.77, 3, 18.13, 48.50),
('ORD-524147', '2024-06-05', '2024-08-23', 'SA-49332', 163.08, 4, 23.43, 17.84),
('ORD-524632', '2024-04-17', '2024-08-17', 'SA-72656', 392.34, 1, 37.12, 63.04),
('ORD-524880', '2024-06-03', '2024-01-20', 'SA-32959', 337.55, 3, 15.71, 78.69),
('ORD-525357', '2024-01-14', '2024-06-22', 'SA-13194', 415.14, 2, 24.31, 87.83),
('ORD-525534', '2024-09-25', '2024-12-24', 'SA-83552', 487.25, 4, 40.64, 29.86),
('ORD-526663', '2024-02-08', '2024-10-20', 'SA-83515', 298.56, 5, 7.17, 73.59),
('ORD-528526', '2024-01-19', '2024-05-02', 'SA-59873', 424.27, 5, 10.91, 26.21),
('ORD-528777', '2024-06-12', '2024-01-25', 'SA-41850', 238.87, 1, 9.07, 89.36),
('ORD-529212', '2024-06-18', '2024-05-06', 'SA-98715', 313.42, 2, 26.51, 73.67),
('ORD-529250', '2024-12-08', '2024-10-25', 'SA-19822', 276.05, 3, 22.31, 86.06),
('ORD-531872', '2024-06-13', '2024-07-01', 'SA-66889', 414.98, 3, 25.26, 17.10),
('ORD-531903', '2024-06-26', '2024-05-21', 'SA-68330', 234.11, 4, 10.56, 36.03),
('ORD-533241', '2024-02-01', '2024-09-13', 'SA-59873', 398.52, 3, 22.72, 28.28),
('ORD-533463', '2024-06-10', '2024-11-06', 'SA-27391', 93.54, 2, 15.23, 50.65),
('ORD-534008', '2024-09-16', '2024-05-28', 'SA-85472', 204.60, 5, 27.12, 44.15),
('ORD-534067', '2024-09-17', '2024-12-21', 'SA-66392', 323.90, 2, 39.20, 54.06),
('ORD-534130', '2024-10-22', '2024-06-01', 'SA-40309', 144.38, 2, 40.99, 93.04),
('ORD-534483', '2024-09-26', '2024-05-15', 'SA-41147', 369.05, 5, 7.06, 45.45),
('ORD-535069', '2024-02-15', '2024-07-08', 'SA-65301', 147.58, 2, 29.32, 63.45),
('ORD-537071', '2024-12-04', '2024-01-24', 'SA-43992', 50.39, 4, 31.77, 46.72),
('ORD-538003', '2024-04-20', '2024-02-20', 'SA-29890', 472.84, 2, 17.61, 97.08),
('ORD-538163', '2024-12-02', '2024-06-22', 'SA-14322', 171.60, 5, 20.08, 70.36),
('ORD-539048', '2024-07-01', '2024-12-09', 'SA-28321', 489.85, 4, 17.92, 78.30),
('ORD-541013', '2024-03-05', '2024-02-01', 'SA-61041', 294.16, 2, 47.57, 33.33),
('ORD-541337', '2024-03-06', '2024-12-22', 'SA-47263', 314.16, 3, 46.44, 81.66),
('ORD-544184', '2024-10-17', '2024-08-08', 'SA-62449', 223.71, 5, 31.11, 42.44),
('ORD-544844', '2024-03-05', '2024-05-18', 'SA-83496', 65.36, 2, 38.79, 53.18),
('ORD-545617', '2024-03-14', '2024-01-09', 'SA-49149', 382.91, 4, 33.05, 81.43),
('ORD-546560', '2024-05-18', '2024-06-24', 'SA-13349', 72.23, 4, 34.21, 73.72),
('ORD-547249', '2024-02-26', '2024-03-03', 'SA-93419', 424.57, 5, 44.84, 89.96),
('ORD-547475', '2024-09-20', '2024-08-05', 'SA-33465', 156.48, 1, 45.84, 97.86),
('ORD-547566', '2024-03-08', '2024-03-14', 'SA-24529', 91.30, 5, 21.10, 71.36),
('ORD-548420', '2024-02-08', '2024-12-08', 'SA-14322', 104.14, 1, 30.18, 81.78),
('ORD-551246', '2024-02-07', '2024-03-26', 'SA-12044', 67.93, 5, 24.91, 74.03),
('ORD-552121', '2024-05-08', '2024-06-20', 'SA-45662', 84.00, 3, 49.21, 74.66),
('ORD-553165', '2024-12-02', '2024-06-21', 'SA-65717', 482.69, 5, 47.20, 84.99),
('ORD-553633', '2024-10-03', '2024-07-10', 'SA-80250', 145.57, 2, 36.31, 62.64),
('ORD-555108', '2024-05-11', '2024-04-14', 'SA-49332', 439.06, 2, 33.18, 74.63),
('ORD-557245', '2024-08-20', '2024-05-09', 'SA-85903', 448.53, 3, 33.03, 72.60),
('ORD-559883', '2024-06-04', '2024-04-28', 'SA-64539', 499.20, 5, 37.33, 12.75),
('ORD-559900', '2024-12-22', '2024-05-20', 'SA-53199', 473.25, 4, 42.06, 88.19),
('ORD-560597', '2024-12-25', '2024-10-16', 'SA-89094', 476.51, 4, 35.98, 48.40),
('ORD-562820', '2024-09-08', '2024-04-10', 'SA-83535', 239.62, 2, 29.40, 98.13),
('ORD-562936', '2024-06-22', '2024-05-26', 'SA-53132', 447.72, 1, 49.92, 68.18),
('ORD-563301', '2024-07-10', '2024-07-10', 'SA-19189', 329.81, 5, 48.87, 67.56),
('ORD-565121', '2024-07-23', '2024-09-18', 'SA-72826', 200.33, 3, 29.29, 65.71),
('ORD-565183', '2024-05-04', '2024-09-24', 'SA-48855', 96.00, 2, 38.79, 15.55),
('ORD-565947', '2024-01-06', '2024-06-03', 'SA-76009', 60.74, 5, 14.49, 88.39),
('ORD-566270', '2024-05-04', '2024-03-11', 'SA-28124', 65.37, 4, 7.71, 83.10),
('ORD-566291', '2024-01-09', '2024-08-18', 'SA-52349', 80.40, 3, 24.38, 12.78),
('ORD-567302', '2024-11-05', '2024-12-24', 'SA-34659', 147.41, 4, 42.73, 71.15),
('ORD-567676', '2024-04-16', '2024-10-14', 'SA-64107', 381.48, 3, 46.75, 67.37),
('ORD-567688', '2024-07-02', '2024-10-28', 'SA-29666', 170.71, 5, 30.53, 84.74),
('ORD-568435', '2024-12-07', '2024-07-01', 'SA-18418', 92.57, 1, 13.26, 53.93),
('ORD-568550', '2024-02-20', '2024-06-09', 'SA-52048', 51.28, 2, 14.74, 83.58),
('ORD-568642', '2024-02-23', '2024-05-22', 'SA-84141', 237.92, 2, 18.17, 53.13),
('ORD-568674', '2024-08-25', '2024-02-17', 'SA-19849', 365.75, 2, 38.88, 97.04),
('ORD-569320', '2024-03-20', '2024-07-12', 'SA-89763', 257.03, 4, 30.00, 86.07),
('ORD-570891', '2024-05-28', '2024-04-21', 'SA-24734', 126.38, 2, 15.95, 97.33),
('ORD-572406', '2024-07-20', '2024-10-23', 'SA-81773', 61.13, 2, 29.59, 72.18),
('ORD-573415', '2024-05-23', '2024-05-11', 'SA-52037', 398.28, 2, 32.59, 29.64),
('ORD-573676', '2024-11-03', '2024-10-12', 'SA-99420', 82.09, 4, 17.58, 12.62),
('ORD-574247', '2024-10-27', '2024-09-08', 'SA-35952', 265.38, 1, 26.44, 26.43),
('ORD-576536', '2024-10-14', '2024-09-17', 'SA-34769', 131.21, 5, 49.65, 22.35),
('ORD-577169', '2024-12-17', '2024-01-09', 'SA-53199', 298.33, 1, 25.67, 43.92),
('ORD-578197', '2024-05-11', '2024-06-15', 'SA-88765', 498.24, 3, 23.66, 23.09),
('ORD-579062', '2024-07-08', '2024-10-15', 'SA-35193', 181.78, 4, 27.28, 78.09),
('ORD-579131', '2024-08-12', '2024-12-14', 'SA-12610', 477.97, 4, 48.08, 20.30),
('ORD-579164', '2024-04-14', '2024-04-21', 'SA-79578', 297.31, 3, 42.56, 99.79),
('ORD-580264', '2024-11-14', '2024-06-19', 'SA-81901', 450.48, 2, 27.57, 52.53),
('ORD-581034', '2024-06-16', '2024-11-23', 'SA-67793', 452.65, 5, 31.91, 19.54),
('ORD-581338', '2024-04-11', '2024-06-21', 'SA-48887', 51.60, 3, 39.38, 22.86),
('ORD-581556', '2024-06-08', '2024-03-20', 'SA-77207', 383.53, 4, 30.19, 78.06),
('ORD-581783', '2024-07-15', '2024-04-08', 'SA-20526', 84.98, 5, 8.03, 56.91),
('ORD-582044', '2024-11-27', '2024-08-08', 'SA-91501', 101.28, 3, 19.97, 86.94),
('ORD-582786', '2024-04-09', '2024-12-22', 'SA-53619', 61.91, 5, 12.24, 45.80),
('ORD-582897', '2024-07-08', '2024-02-19', 'SA-35193', 436.64, 3, 27.37, 81.52),
('ORD-582914', '2024-01-19', '2024-10-24', 'SA-66577', 246.03, 3, 13.45, 13.40),
('ORD-583737', '2024-05-25', '2024-08-05', 'SA-50754', 477.47, 4, 37.80, 92.16),
('ORD-584450', '2024-04-08', '2024-06-23', 'SA-45662', 355.11, 3, 16.01, 79.27),
('ORD-585276', '2024-06-14', '2024-10-09', 'SA-89198', 143.41, 3, 35.10, 52.53),
('ORD-585335', '2024-05-04', '2024-04-09', 'SA-89599', 320.05, 2, 36.57, 91.17),
('ORD-586427', '2024-10-03', '2024-09-25', 'SA-10229', 421.74, 5, 9.13, 76.01),
('ORD-586918', '2024-08-20', '2024-01-01', 'SA-59873', 100.97, 5, 19.10, 56.49),
('ORD-587404', '2024-06-26', '2024-09-08', 'SA-50754', 329.90, 5, 44.19, 66.04),
('ORD-587693', '2024-09-23', '2024-11-19', 'SA-86584', 383.80, 2, 28.24, 64.80),
('ORD-588108', '2024-08-18', '2024-01-04', 'SA-48855', 445.90, 2, 24.75, 43.98),
('ORD-589175', '2024-03-17', '2024-03-27', 'SA-54597', 324.28, 1, 28.46, 66.44),
('ORD-589236', '2024-03-19', '2024-08-23', 'SA-94323', 333.42, 3, 22.10, 24.56),
('ORD-589258', '2024-04-14', '2024-02-07', 'SA-40830', 497.99, 5, 35.75, 23.22),
('ORD-590932', '2024-05-11', '2024-07-11', 'SA-15161', 246.14, 4, 16.40, 76.54),
('ORD-591512', '2024-05-24', '2024-01-24', 'SA-24529', 55.65, 3, 12.23, 97.27),
('ORD-591895', '2024-10-23', '2024-05-26', 'SA-32959', 320.66, 1, 24.47, 29.50),
('ORD-592377', '2024-11-15', '2024-12-15', 'SA-83852', 332.94, 4, 11.61, 86.27),
('ORD-593507', '2024-11-07', '2024-06-20', 'SA-27368', 443.90, 2, 27.56, 14.63),
('ORD-594291', '2024-01-06', '2024-04-27', 'SA-58857', 265.26, 1, 15.22, 84.98),
('ORD-594904', '2024-06-26', '2024-10-18', 'SA-90790', 179.07, 1, 29.08, 13.16),
('ORD-596650', '2024-11-10', '2024-05-13', 'SA-88257', 362.04, 4, 6.81, 69.74),
('ORD-596917', '2024-10-05', '2024-05-09', 'SA-24049', 496.08, 5, 25.20, 44.09),
('ORD-597067', '2024-07-22', '2024-07-21', 'SA-94364', 93.04, 2, 17.83, 58.92),
('ORD-597165', '2024-06-01', '2024-06-10', 'SA-84558', 393.43, 3, 16.54, 52.17),
('ORD-597345', '2024-09-10', '2024-08-08', 'SA-58978', 255.22, 2, 28.39, 11.46),
('ORD-598009', '2024-01-11', '2024-04-23', 'SA-13866', 109.21, 3, 7.33, 98.47),
('ORD-598098', '2024-01-08', '2024-03-24', 'SA-28137', 465.18, 3, 28.77, 92.17),
('ORD-598322', '2024-10-17', '2024-10-26', 'SA-64890', 117.57, 3, 42.84, 49.38),
('ORD-598603', '2024-09-27', '2024-08-01', 'SA-94272', 363.97, 2, 35.67, 75.21),
('ORD-599380', '2024-06-07', '2024-01-14', 'SA-24049', 423.52, 4, 29.39, 16.30),
('ORD-599691', '2024-11-12', '2024-12-11', 'SA-37075', 106.33, 1, 13.52, 86.49),
('ORD-599995', '2024-06-03', '2024-01-20', 'SA-57442', 243.39, 3, 31.49, 43.32),
('ORD-600053', '2024-02-11', '2024-04-16', 'SA-58857', 345.78, 3, 18.97, 69.47),
('ORD-600662', '2024-02-15', '2024-08-10', 'SA-11613', 349.17, 2, 11.69, 49.94),
('ORD-602410', '2024-03-11', '2024-06-14', 'SA-63910', 209.01, 5, 16.49, 62.96),
('ORD-603419', '2024-05-28', '2024-02-27', 'SA-28137', 467.46, 5, 8.13, 20.60),
('ORD-605415', '2024-03-06', '2024-12-18', 'SA-18418', 392.84, 4, 27.17, 27.20),
('ORD-605706', '2024-06-16', '2024-10-27', 'SA-28506', 57.47, 2, 29.13, 57.02),
('ORD-608107', '2024-11-06', '2024-10-19', 'SA-17647', 176.87, 1, 15.81, 37.19),
('ORD-608502', '2024-12-01', '2024-12-22', 'SA-65478', 184.08, 4, 12.98, 25.56),
('ORD-609060', '2024-02-12', '2024-05-21', 'SA-39166', 180.17, 2, 6.63, 24.81),
('ORD-609695', '2024-11-05', '2024-01-07', 'SA-10370', 179.18, 4, 28.64, 89.78),
('ORD-612705', '2024-06-10', '2024-10-19', 'SA-18915', 322.33, 2, 9.75, 90.87),
('ORD-614047', '2024-03-22', '2024-07-18', 'SA-32991', 443.98, 5, 29.88, 25.60),
('ORD-615112', '2024-04-16', '2024-02-09', 'SA-48907', 136.35, 4, 18.55, 58.72),
('ORD-616402', '2024-06-14', '2024-01-06', 'SA-53249', 246.59, 3, 6.02, 47.19),
('ORD-616954', '2024-12-13', '2024-07-11', 'SA-19849', 360.27, 2, 19.74, 79.49),
('ORD-617404', '2024-02-03', '2024-05-11', 'SA-88257', 330.07, 5, 8.12, 48.12),
('ORD-617483', '2024-04-15', '2024-09-27', 'SA-17094', 420.16, 5, 9.24, 61.95),
('ORD-617568', '2024-04-02', '2024-12-15', 'SA-32450', 303.46, 5, 40.03, 40.97),
('ORD-619981', '2024-05-28', '2024-10-04', 'SA-84141', 177.10, 4, 24.30, 64.18),
('ORD-620360', '2024-03-27', '2024-03-11', 'SA-88765', 309.13, 3, 39.24, 89.48),
('ORD-623298', '2024-01-13', '2024-01-21', 'SA-23150', 82.04, 2, 21.82, 92.95),
('ORD-623380', '2024-07-07', '2024-03-09', 'SA-29014', 247.45, 5, 21.22, 44.06),
('ORD-624721', '2024-06-27', '2024-01-11', 'SA-46330', 79.32, 5, 24.07, 62.17),
('ORD-625201', '2024-03-26', '2024-06-16', 'SA-79802', 494.37, 3, 16.46, 67.42),
('ORD-625675', '2024-05-18', '2024-12-05', 'SA-99420', 325.30, 4, 7.90, 39.08),
('ORD-625811', '2024-05-09', '2024-02-15', 'SA-72384', 71.87, 3, 47.67, 39.92),
('ORD-626948', '2024-06-16', '2024-07-18', 'SA-95912', 451.64, 2, 26.79, 24.03),
('ORD-627492', '2024-01-21', '2024-10-17', 'SA-43327', 291.93, 4, 35.70, 28.97),
('ORD-628223', '2024-02-04', '2024-05-22', 'SA-93419', 456.34, 2, 38.09, 82.77),
('ORD-628259', '2024-10-12', '2024-10-17', 'SA-29890', 402.43, 3, 37.85, 30.25),
('ORD-628882', '2024-11-01', '2024-02-24', 'SA-38761', 445.62, 4, 25.56, 23.55),
('ORD-629158', '2024-08-06', '2024-07-19', 'SA-35193', 414.90, 1, 20.37, 61.60),
('ORD-630973', '2024-08-23', '2024-09-11', 'SA-11708', 479.53, 4, 16.17, 44.37),
('ORD-631802', '2024-10-01', '2024-02-28', 'SA-12240', 125.06, 1, 14.17, 65.48),
('ORD-632050', '2024-09-27', '2024-04-10', 'SA-95912', 82.67, 3, 16.77, 95.97),
('ORD-632157', '2024-07-12', '2024-01-01', 'SA-65082', 156.92, 5, 27.30, 17.58),
('ORD-632193', '2024-05-15', '2024-02-19', 'SA-89694', 431.92, 3, 17.49, 62.19),
('ORD-634281', '2024-11-15', '2024-02-03', 'SA-73822', 187.60, 5, 31.91, 50.63),
('ORD-636294', '2024-02-10', '2024-10-06', 'SA-61761', 308.66, 1, 13.74, 14.57),
('ORD-637137', '2024-06-25', '2024-10-20', 'SA-91557', 258.10, 5, 39.93, 62.69),
('ORD-637396', '2024-11-10', '2024-07-16', 'SA-34614', 404.97, 4, 24.32, 52.21),
('ORD-637667', '2024-08-19', '2024-03-19', 'SA-53199', 328.96, 1, 26.01, 14.60),
('ORD-637990', '2024-12-18', '2024-05-27', 'SA-36502', 279.36, 3, 17.89, 42.49),
('ORD-638973', '2024-01-09', '2024-08-13', 'SA-19189', 123.72, 2, 32.56, 55.03),
('ORD-639620', '2024-02-28', '2024-01-13', 'SA-94055', 327.30, 2, 39.36, 61.82),
('ORD-640266', '2024-09-02', '2024-03-07', 'SA-11930', 450.25, 5, 21.34, 66.13),
('ORD-640894', '2024-08-24', '2024-05-13', 'SA-67604', 398.69, 1, 8.09, 31.90),
('ORD-640946', '2024-12-21', '2024-09-15', 'SA-49596', 150.81, 5, 37.35, 38.73),
('ORD-641138', '2024-05-20', '2024-11-28', 'SA-24529', 127.16, 5, 27.98, 39.57),
('ORD-643295', '2024-04-21', '2024-07-18', 'SA-48887', 236.68, 1, 40.78, 58.04),
('ORD-643384', '2024-03-13', '2024-05-02', 'SA-46142', 239.87, 3, 31.88, 53.32),
('ORD-644720', '2024-04-24', '2024-11-03', 'SA-30456', 89.30, 2, 20.15, 97.95),
('ORD-645128', '2024-10-20', '2024-02-11', 'SA-70933', 68.87, 3, 33.79, 52.17),
('ORD-645830', '2024-03-25', '2024-02-17', 'SA-40605', 256.28, 4, 49.28, 85.94),
('ORD-646074', '2024-01-20', '2024-06-08', 'SA-87226', 478.50, 1, 8.68, 18.42),
('ORD-647404', '2024-10-09', '2024-05-22', 'SA-60958', 128.51, 1, 10.41, 17.21),
('ORD-648722', '2024-03-28', '2024-06-02', 'SA-72283', 359.52, 2, 45.41, 81.64),
('ORD-649773', '2024-08-18', '2024-08-08', 'SA-83496', 349.35, 1, 10.17, 80.34),
('ORD-650100', '2024-06-15', '2024-04-06', 'SA-48503', 414.06, 3, 39.78, 72.16),
('ORD-650861', '2024-08-02', '2024-06-06', 'SA-14398', 346.60, 2, 6.39, 12.63),
('ORD-651481', '2024-09-24', '2024-05-02', 'SA-40309', 186.64, 5, 44.89, 96.53),
('ORD-653877', '2024-09-03', '2024-12-17', 'SA-67388', 170.84, 2, 17.84, 47.22),
('ORD-654644', '2024-10-28', '2024-06-27', 'SA-88257', 270.58, 2, 7.99, 27.26),
('ORD-654702', '2024-09-02', '2024-06-02', 'SA-46199', 308.37, 4, 30.90, 89.37),
('ORD-654719', '2024-08-15', '2024-12-13', 'SA-77054', 323.27, 1, 39.57, 90.37),
('ORD-658986', '2024-05-22', '2024-04-20', 'SA-38371', 204.96, 3, 5.81, 85.59),
('ORD-659045', '2024-03-04', '2024-03-08', 'SA-76007', 101.50, 1, 13.73, 93.04),
('ORD-659276', '2024-11-19', '2024-06-10', 'SA-52048', 235.79, 1, 26.60, 19.27),
('ORD-660736', '2024-07-04', '2024-10-10', 'SA-23803', 210.64, 5, 7.50, 25.51),
('ORD-661444', '2024-10-09', '2024-02-10', 'SA-83552', 448.79, 3, 9.84, 21.34),
('ORD-661953', '2024-09-28', '2024-09-06', 'SA-81184', 181.73, 2, 28.71, 45.54),
('ORD-661985', '2024-09-03', '2024-12-13', 'SA-84558', 57.47, 4, 11.74, 32.04),
('ORD-662082', '2024-08-12', '2024-09-01', 'SA-13349', 292.20, 4, 10.85, 21.73),
('ORD-663082', '2024-04-15', '2024-05-23', 'SA-42519', 316.31, 3, 7.18, 39.55),
('ORD-665115', '2024-04-18', '2024-12-05', 'SA-53619', 484.72, 4, 8.91, 37.90),
('ORD-665670', '2024-11-02', '2024-10-22', 'SA-35193', 198.86, 3, 28.20, 48.78),
('ORD-666205', '2024-02-15', '2024-04-21', 'SA-79351', 55.97, 3, 36.32, 20.15),
('ORD-668738', '2024-11-01', '2024-08-12', 'SA-95063', 379.06, 3, 18.68, 69.01),
('ORD-668952', '2024-05-02', '2024-02-15', 'SA-95063', 206.25, 4, 42.07, 73.53),
('ORD-669555', '2024-10-11', '2024-02-11', 'SA-15759', 491.18, 3, 22.04, 76.32),
('ORD-670607', '2024-09-13', '2024-04-01', 'SA-24650', 235.35, 3, 35.55, 78.42),
('ORD-671911', '2024-09-23', '2024-01-22', 'SA-27611', 232.07, 2, 17.17, 91.76),
('ORD-674948', '2024-01-10', '2024-04-13', 'SA-73416', 252.55, 1, 36.02, 84.09),
('ORD-675412', '2024-05-07', '2024-09-15', 'SA-21404', 456.09, 4, 31.59, 98.08),
('ORD-675470', '2024-04-01', '2024-06-26', 'SA-40605', 337.71, 3, 27.24, 90.37),
('ORD-675608', '2024-12-07', '2024-03-19', 'SA-46199', 337.45, 3, 37.25, 90.34),
('ORD-678016', '2024-01-28', '2024-09-24', 'SA-29591', 150.11, 2, 13.14, 34.64),
('ORD-684225', '2024-08-12', '2024-06-10', 'SA-66889', 375.47, 3, 40.75, 56.11),
('ORD-685576', '2024-07-17', '2024-07-08', 'SA-19189', 196.73, 2, 5.19, 24.21),
('ORD-687761', '2024-04-11', '2024-01-21', 'SA-92815', 95.21, 4, 36.39, 47.29);
INSERT INTO `orders` (`
OrderID`,
`OrderDate
`, `DeliveryDate`, `CustomerID`, `Sales`, `Quantity`, `Discount`, `DeliveryCost`) VALUES
('ORD-690825', '2024-03-27', '2024-08-19', 'SA-82442', 174.54, 3, 34.36, 86.83),
('ORD-691347', '2024-05-06', '2024-10-19', 'SA-87521', 202.72, 4, 8.25, 65.63),
('ORD-692886', '2024-11-06', '2024-06-17', 'SA-53199', 57.27, 5, 11.43, 78.41),
('ORD-693018', '2024-10-04', '2024-03-12', 'SA-78492', 256.49, 2, 7.48, 86.41),
('ORD-694143', '2024-09-12', '2024-07-18', 'SA-37529', 275.94, 4, 34.87, 52.07),
('ORD-694976', '2024-05-15', '2024-07-21', 'SA-88765', 427.84, 5, 5.57, 49.29),
('ORD-695365', '2024-06-25', '2024-08-09', 'SA-32991', 147.89, 3, 12.67, 57.41),
('ORD-695662', '2024-12-06', '2024-12-07', 'SA-67923', 65.05, 1, 26.15, 13.18),
('ORD-695856', '2024-11-20', '2024-04-13', 'SA-66123', 498.15, 3, 5.85, 63.78),
('ORD-696611', '2024-06-07', '2024-09-19', 'SA-38371', 231.53, 4, 49.99, 45.82),
('ORD-696668', '2024-12-02', '2024-03-17', 'SA-93385', 445.83, 4, 9.24, 10.53),
('ORD-699469', '2024-12-17', '2024-08-05', 'SA-39166', 461.88, 3, 40.91, 32.78),
('ORD-699731', '2024-10-26', '2024-02-27', 'SA-96404', 383.20, 1, 42.13, 45.27),
('ORD-700192', '2024-03-25', '2024-03-06', 'SA-89362', 470.55, 3, 7.24, 47.98),
('ORD-700573', '2024-04-08', '2024-10-06', 'SA-96002', 200.22, 1, 7.21, 90.59),
('ORD-701172', '2024-11-24', '2024-06-23', 'SA-84219', 76.15, 5, 20.30, 86.77),
('ORD-702676', '2024-04-22', '2024-08-06', 'SA-90160', 374.63, 4, 48.56, 84.26),
('ORD-703114', '2024-07-28', '2024-01-17', 'SA-55027', 104.49, 2, 33.10, 96.52),
('ORD-704966', '2024-06-09', '2024-01-19', 'SA-55027', 190.50, 2, 25.40, 55.42),
('ORD-705335', '2024-05-26', '2024-10-16', 'SA-43272', 227.10, 3, 46.83, 49.49),
('ORD-705749', '2024-02-01', '2024-06-12', 'SA-40721', 366.45, 5, 46.91, 23.03),
('ORD-708792', '2024-04-14', '2024-02-08', 'SA-89694', 460.09, 1, 45.96, 87.16),
('ORD-709891', '2024-11-13', '2024-11-14', 'SA-83515', 184.36, 2, 6.63, 79.54),
('ORD-710684', '2024-01-09', '2024-01-22', 'SA-32450', 334.37, 3, 36.31, 70.06),
('ORD-712243', '2024-12-20', '2024-05-19', 'SA-23803', 429.50, 5, 29.24, 35.20),
('ORD-712426', '2024-05-03', '2024-11-14', 'SA-48957', 274.26, 5, 34.32, 27.27),
('ORD-714391', '2024-07-27', '2024-08-02', 'SA-11968', 75.69, 1, 25.46, 89.18),
('ORD-717432', '2024-05-23', '2024-03-17', 'SA-28740', 122.62, 5, 28.80, 13.18),
('ORD-717482', '2024-05-05', '2024-05-03', 'SA-84303', 407.28, 2, 30.56, 15.34),
('ORD-718400', '2024-09-10', '2024-10-19', 'SA-64229', 381.67, 4, 31.89, 58.31),
('ORD-718758', '2024-03-11', '2024-11-07', 'SA-35193', 399.49, 3, 34.77, 17.09),
('ORD-719892', '2024-03-03', '2024-05-10', 'SA-53470', 221.34, 3, 23.16, 64.23),
('ORD-719925', '2024-06-15', '2024-10-12', 'SA-74307', 381.94, 3, 35.32, 84.80),
('ORD-720927', '2024-09-04', '2024-07-01', 'SA-43992', 201.17, 5, 34.95, 86.57),
('ORD-721093', '2024-02-21', '2024-09-10', 'SA-24049', 131.57, 2, 43.74, 44.20),
('ORD-723158', '2024-07-03', '2024-09-10', 'SA-13535', 145.20, 2, 29.59, 70.81),
('ORD-724240', '2024-04-19', '2024-06-23', 'SA-60937', 305.25, 4, 5.58, 23.02),
('ORD-724435', '2024-01-11', '2024-06-23', 'SA-61868', 190.00, 3, 23.91, 60.20),
('ORD-726228', '2024-03-10', '2024-03-02', 'SA-81718', 304.83, 4, 49.45, 10.55),
('ORD-726527', '2024-10-21', '2024-06-18', 'SA-19999', 193.95, 5, 18.99, 35.97),
('ORD-727430', '2024-02-22', '2024-06-24', 'SA-45374', 184.01, 4, 44.36, 13.99),
('ORD-728163', '2024-04-10', '2024-05-08', 'SA-55877', 280.45, 4, 37.00, 75.81),
('ORD-728501', '2024-08-07', '2024-04-25', 'SA-42306', 487.52, 2, 29.30, 95.49),
('ORD-729537', '2024-04-01', '2024-02-20', 'SA-24156', 331.37, 3, 42.17, 68.14),
('ORD-730425', '2024-01-05', '2024-06-10', 'SA-83552', 202.23, 2, 13.06, 56.02),
('ORD-731669', '2024-09-21', '2024-03-18', 'SA-22571', 438.15, 1, 7.49, 71.58),
('ORD-734172', '2024-06-10', '2024-03-19', 'SA-48957', 214.22, 4, 8.28, 13.51),
('ORD-734791', '2024-03-07', '2024-01-23', 'SA-53007', 155.33, 1, 21.62, 74.75),
('ORD-735110', '2024-12-07', '2024-09-14', 'SA-31915', 425.91, 4, 12.43, 23.43),
('ORD-737072', '2024-10-01', '2024-08-18', 'SA-67243', 257.79, 4, 40.46, 36.16),
('ORD-738102', '2024-01-21', '2024-02-11', 'SA-18699', 117.06, 4, 18.74, 59.76),
('ORD-740313', '2024-04-21', '2024-05-15', 'SA-10370', 126.50, 3, 26.90, 90.53),
('ORD-740715', '2024-07-05', '2024-01-12', 'SA-77207', 119.62, 1, 21.14, 78.03),
('ORD-740785', '2024-05-20', '2024-05-01', 'SA-59762', 112.41, 5, 5.66, 76.00),
('ORD-740822', '2024-10-25', '2024-09-28', 'SA-42176', 149.65, 3, 33.44, 66.04),
('ORD-741031', '2024-12-04', '2024-03-07', 'SA-77355', 375.42, 3, 36.79, 55.54),
('ORD-741129', '2024-10-11', '2024-11-20', 'SA-49011', 390.76, 3, 49.49, 72.47),
('ORD-741774', '2024-12-07', '2024-03-27', 'SA-54685', 181.81, 5, 6.91, 62.01),
('ORD-746191', '2024-03-20', '2024-09-01', 'SA-45374', 166.68, 1, 46.65, 80.64),
('ORD-746233', '2024-01-03', '2024-10-24', 'SA-34034', 57.41, 3, 9.84, 16.90),
('ORD-746748', '2024-01-16', '2024-03-25', 'SA-42306', 262.48, 2, 5.10, 45.88),
('ORD-748482', '2024-02-24', '2024-11-08', 'SA-17121', 414.15, 1, 49.60, 65.47),
('ORD-749006', '2024-05-16', '2024-12-07', 'SA-23536', 312.63, 4, 39.61, 78.03),
('ORD-749147', '2024-11-06', '2024-05-01', 'SA-99420', 71.26, 2, 31.31, 34.87),
('ORD-752807', '2024-09-22', '2024-01-05', 'SA-61933', 416.26, 2, 43.41, 21.78),
('ORD-753059', '2024-07-23', '2024-01-04', 'SA-53470', 286.48, 5, 24.58, 81.00),
('ORD-753620', '2024-04-17', '2024-02-24', 'SA-58473', 302.76, 5, 41.37, 56.27),
('ORD-753680', '2024-11-13', '2024-05-16', 'SA-57679', 212.76, 4, 15.31, 90.94),
('ORD-755762', '2024-05-25', '2024-03-16', 'SA-65331', 314.44, 3, 45.45, 41.21),
('ORD-758399', '2024-01-16', '2024-02-16', 'SA-64275', 439.91, 2, 45.02, 69.92),
('ORD-760016', '2024-07-23', '2024-12-06', 'SA-45819', 124.30, 1, 28.85, 28.10),
('ORD-761036', '2024-10-19', '2024-08-05', 'SA-77207', 494.64, 2, 49.82, 44.82),
('ORD-761223', '2024-06-16', '2024-06-23', 'SA-77207', 172.23, 4, 20.73, 39.40),
('ORD-763655', '2024-06-13', '2024-07-22', 'SA-34591', 181.73, 3, 14.74, 61.90),
('ORD-764357', '2024-12-11', '2024-12-19', 'SA-29564', 231.45, 2, 40.08, 59.75),
('ORD-767168', '2024-01-10', '2024-11-25', 'SA-93419', 76.95, 1, 31.72, 26.75),
('ORD-768099', '2024-07-20', '2024-03-27', 'SA-19822', 375.46, 3, 13.19, 49.45),
('ORD-768543', '2024-04-16', '2024-02-14', 'SA-92237', 101.03, 1, 12.09, 51.99),
('ORD-768642', '2024-12-23', '2024-01-16', 'SA-59898', 275.92, 5, 19.65, 64.20),
('ORD-768974', '2024-12-12', '2024-12-11', 'SA-39891', 102.36, 2, 30.22, 92.93),
('ORD-769163', '2024-05-27', '2024-11-13', 'SA-96538', 134.90, 3, 25.42, 15.70),
('ORD-769947', '2024-11-26', '2024-09-12', 'SA-84558', 395.16, 5, 38.94, 63.25),
('ORD-769979', '2024-04-04', '2024-12-19', 'SA-89694', 308.26, 3, 16.09, 92.31),
('ORD-769999', '2024-12-27', '2024-11-19', 'SA-47047', 205.66, 1, 49.16, 30.96),
('ORD-771745', '2024-11-17', '2024-06-20', 'SA-81901', 464.40, 1, 30.79, 80.05),
('ORD-772529', '2024-02-03', '2024-02-08', 'SA-40830', 475.93, 5, 43.19, 37.28),
('ORD-772917', '2024-05-03', '2024-04-26', 'SA-28231', 191.22, 4, 29.73, 64.42),
('ORD-772920', '2024-06-04', '2024-04-09', 'SA-87226', 435.25, 5, 35.14, 81.99),
('ORD-773118', '2024-03-24', '2024-10-15', 'SA-93316', 171.92, 4, 34.33, 52.39),
('ORD-773224', '2024-05-13', '2024-12-04', 'SA-73914', 363.19, 2, 36.38, 75.90),
('ORD-776069', '2024-01-24', '2024-12-06', 'SA-48212', 345.15, 4, 31.07, 93.50),
('ORD-776296', '2024-09-08', '2024-09-08', 'SA-93590', 251.28, 1, 41.50, 87.86),
('ORD-777179', '2024-05-04', '2024-01-11', 'SA-54685', 456.53, 3, 49.03, 33.20),
('ORD-777662', '2024-03-09', '2024-03-01', 'SA-56809', 99.38, 3, 8.29, 85.25),
('ORD-778136', '2024-02-28', '2024-08-23', 'SA-37765', 461.01, 3, 7.97, 74.49),
('ORD-779178', '2024-03-26', '2024-11-26', 'SA-35600', 170.72, 2, 36.10, 45.00),
('ORD-780284', '2024-05-26', '2024-10-10', 'SA-84558', 489.19, 3, 28.39, 57.69),
('ORD-780835', '2024-04-02', '2024-02-01', 'SA-29666', 258.54, 2, 31.70, 69.74),
('ORD-781035', '2024-09-17', '2024-01-21', 'SA-60166', 328.28, 5, 42.53, 75.90),
('ORD-781258', '2024-04-07', '2024-01-03', 'SA-52653', 354.73, 5, 27.53, 27.19),
('ORD-781812', '2024-03-08', '2024-03-28', 'SA-68005', 198.65, 5, 38.54, 35.83),
('ORD-782861', '2024-12-15', '2024-08-17', 'SA-52258', 167.97, 4, 24.85, 13.48),
('ORD-784954', '2024-12-15', '2024-09-05', 'SA-87226', 201.13, 3, 27.13, 95.55),
('ORD-785457', '2024-05-12', '2024-09-13', 'SA-17647', 165.60, 2, 25.88, 21.96),
('ORD-785863', '2024-05-24', '2024-09-13', 'SA-14653', 120.14, 4, 9.78, 48.61),
('ORD-786413', '2024-01-07', '2024-05-24', 'SA-94323', 314.60, 3, 48.08, 48.72),
('ORD-786599', '2024-07-17', '2024-10-21', 'SA-72559', 139.60, 3, 32.66, 70.83),
('ORD-787586', '2024-12-25', '2024-12-27', 'SA-17121', 77.04, 3, 14.69, 69.50),
('ORD-788195', '2024-03-27', '2024-07-16', 'SA-28506', 466.73, 1, 8.46, 22.46),
('ORD-790992', '2024-12-08', '2024-03-19', 'SA-64107', 322.89, 3, 11.32, 81.38),
('ORD-793015', '2024-04-05', '2024-12-28', 'SA-97805', 312.82, 5, 45.92, 56.10),
('ORD-794662', '2024-02-11', '2024-07-03', 'SA-95440', 373.66, 2, 8.55, 71.08),
('ORD-794805', '2024-10-15', '2024-12-17', 'SA-58352', 362.98, 5, 12.48, 89.16),
('ORD-795970', '2024-12-27', '2024-12-09', 'SA-33465', 461.67, 4, 7.76, 11.14),
('ORD-796141', '2024-10-10', '2024-11-15', 'SA-24529', 50.15, 5, 42.26, 20.94),
('ORD-797771', '2024-11-25', '2024-09-19', 'SA-56614', 276.63, 2, 42.15, 58.06),
('ORD-800392', '2024-06-17', '2024-12-20', 'SA-12993', 435.23, 5, 20.48, 94.99),
('ORD-801533', '2024-10-21', '2024-12-10', 'SA-17368', 126.77, 3, 15.57, 46.64),
('ORD-801787', '2024-11-11', '2024-12-18', 'SA-98411', 367.29, 1, 32.19, 16.43),
('ORD-805568', '2024-12-18', '2024-02-26', 'SA-69627', 369.21, 5, 38.59, 28.93),
('ORD-807852', '2024-08-16', '2024-07-05', 'SA-15995', 378.37, 1, 33.93, 88.15),
('ORD-808013', '2024-08-02', '2024-02-15', 'SA-19359', 368.50, 4, 10.06, 87.61),
('ORD-808817', '2024-08-17', '2024-08-12', 'SA-92638', 369.70, 2, 45.99, 58.55),
('ORD-810981', '2024-01-05', '2024-03-26', 'SA-47263', 61.05, 5, 13.80, 88.52),
('ORD-812678', '2024-04-18', '2024-02-04', 'SA-72559', 378.70, 1, 45.95, 37.14),
('ORD-813130', '2024-02-09', '2024-12-18', 'SA-94272', 238.74, 2, 45.78, 94.77),
('ORD-814088', '2024-06-07', '2024-05-07', 'SA-95912', 281.72, 5, 28.54, 29.18),
('ORD-814531', '2024-07-24', '2024-05-01', 'SA-33546', 475.39, 2, 29.79, 83.78),
('ORD-815263', '2024-06-25', '2024-01-24', 'SA-96002', 177.06, 5, 42.33, 92.13),
('ORD-816334', '2024-03-05', '2024-01-17', 'SA-65717', 374.11, 2, 5.46, 97.24),
('ORD-818150', '2024-04-16', '2024-02-19', 'SA-18418', 386.22, 5, 34.43, 65.24),
('ORD-818487', '2024-10-03', '2024-12-27', 'SA-11613', 116.26, 3, 32.56, 35.06),
('ORD-819127', '2024-02-11', '2024-06-26', 'SA-94369', 459.64, 3, 14.87, 52.83),
('ORD-822011', '2024-01-04', '2024-09-10', 'SA-30027', 367.68, 1, 48.26, 93.50),
('ORD-823082', '2024-07-15', '2024-05-13', 'SA-90367', 216.59, 5, 23.11, 39.40),
('ORD-823173', '2024-05-03', '2024-05-28', 'SA-59762', 263.69, 1, 37.56, 55.81),
('ORD-823218', '2024-07-22', '2024-04-24', 'SA-91501', 117.41, 2, 14.29, 37.83),
('ORD-824299', '2024-01-10', '2024-10-24', 'SA-18915', 386.07, 1, 33.40, 48.23),
('ORD-825010', '2024-04-28', '2024-02-24', 'SA-67243', 130.91, 2, 5.56, 13.21),
('ORD-826584', '2024-11-26', '2024-03-11', 'SA-79547', 409.98, 5, 14.13, 57.70),
('ORD-826818', '2024-08-13', '2024-05-12', 'SA-73416', 102.13, 5, 13.15, 76.64),
('ORD-828994', '2024-05-16', '2024-02-09', 'SA-49458', 282.18, 3, 32.40, 59.78),
('ORD-831243', '2024-02-04', '2024-11-11', 'SA-33920', 246.55, 2, 39.07, 29.94),
('ORD-832108', '2024-02-14', '2024-01-22', 'SA-27368', 446.89, 3, 13.19, 26.97),
('ORD-833046', '2024-06-18', '2024-04-15', 'SA-64890', 231.24, 1, 12.01, 36.69),
('ORD-833598', '2024-01-18', '2024-05-06', 'SA-80048', 493.03, 2, 45.14, 65.69),
('ORD-834718', '2024-03-01', '2024-01-06', 'SA-54587', 270.82, 5, 14.16, 34.70),
('ORD-835315', '2024-11-17', '2024-02-19', 'SA-61971', 313.65, 3, 31.28, 86.92),
('ORD-835474', '2024-10-10', '2024-10-12', 'SA-48212', 368.56, 1, 5.74, 92.40),
('ORD-835663', '2024-01-27', '2024-11-12', 'SA-79578', 383.64, 5, 47.33, 25.65),
('ORD-835928', '2024-01-23', '2024-03-25', 'SA-15759', 322.92, 1, 6.43, 12.93),
('ORD-836059', '2024-03-15', '2024-05-10', 'SA-38761', 100.95, 1, 23.46, 34.45),
('ORD-836215', '2024-10-15', '2024-05-05', 'SA-77239', 140.28, 4, 23.44, 52.80),
('ORD-836823', '2024-11-05', '2024-01-07', 'SA-55677', 349.23, 3, 38.33, 85.64),
('ORD-837434', '2024-12-23', '2024-03-03', 'SA-76009', 476.33, 5, 13.56, 99.88),
('ORD-838137', '2024-10-26', '2024-07-18', 'SA-42519', 56.07, 5, 29.00, 22.82),
('ORD-838264', '2024-09-17', '2024-03-03', 'SA-28137', 106.71, 1, 39.33, 87.41),
('ORD-838644', '2024-04-14', '2024-01-28', 'SA-42370', 270.80, 1, 19.71, 25.15),
('ORD-839073', '2024-11-17', '2024-12-08', 'SA-64890', 457.27, 2, 32.96, 68.84),
('ORD-839284', '2024-07-15', '2024-09-17', 'SA-29683', 302.42, 4, 7.91, 30.55),
('ORD-839510', '2024-08-09', '2024-06-14', 'SA-78809', 240.60, 3, 39.98, 40.11),
('ORD-840579', '2024-10-26', '2024-09-09', 'SA-33546', 339.74, 2, 24.49, 29.22),
('ORD-844114', '2024-08-19', '2024-06-19', 'SA-23803', 436.63, 4, 46.29, 98.03),
('ORD-844458', '2024-07-12', '2024-05-21', 'SA-94364', 460.62, 3, 12.82, 23.60),
('ORD-846122', '2024-11-12', '2024-01-22', 'SA-12993', 298.75, 2, 26.29, 36.66),
('ORD-848457', '2024-08-16', '2024-04-18', 'SA-58506', 362.30, 2, 19.74, 52.06),
('ORD-850276', '2024-10-17', '2024-04-14', 'SA-71729', 407.27, 3, 13.89, 31.70),
('ORD-850917', '2024-01-16', '2024-06-24', 'SA-81530', 439.61, 4, 49.20, 83.37),
('ORD-851043', '2024-07-02', '2024-03-11', 'SA-12843', 343.95, 2, 33.25, 79.02),
('ORD-852206', '2024-02-02', '2024-10-22', 'SA-57442', 442.74, 2, 13.60, 18.06),
('ORD-853661', '2024-12-15', '2024-02-18', 'SA-84558', 306.40, 3, 23.10, 82.90),
('ORD-854524', '2024-04-20', '2024-11-18', 'SA-45088', 80.26, 5, 44.53, 62.41),
('ORD-854925', '2024-10-04', '2024-09-08', 'SA-89283', 448.15, 3, 23.79, 32.17),
('ORD-855129', '2024-12-04', '2024-11-16', 'SA-66889', 147.80, 5, 42.73, 32.28),
('ORD-855143', '2024-11-11', '2024-08-20', 'SA-65301', 427.99, 4, 29.22, 31.46),
('ORD-856605', '2024-01-24', '2024-12-15', 'SA-98411', 254.45, 2, 42.94, 24.24),
('ORD-856735', '2024-09-09', '2024-06-22', 'SA-39166', 496.19, 1, 35.86, 53.96),
('ORD-857893', '2024-09-15', '2024-07-27', 'SA-59762', 93.61, 3, 48.35, 29.32),
('ORD-859613', '2024-02-17', '2024-11-06', 'SA-76007', 378.07, 3, 28.75, 54.48),
('ORD-861169', '2024-10-15', '2024-12-08', 'SA-52333', 500.00, 4, 25.94, 17.70),
('ORD-863182', '2024-03-14', '2024-09-03', 'SA-93649', 145.78, 3, 15.88, 85.99),
('ORD-863360', '2024-08-04', '2024-08-01', 'SA-65331', 332.74, 1, 45.52, 54.79),
('ORD-865822', '2024-07-06', '2024-03-08', 'SA-17278', 388.54, 4, 15.71, 65.47),
('ORD-865860', '2024-11-07', '2024-07-16', 'SA-14675', 373.76, 2, 6.74, 33.88),
('ORD-866175', '2024-08-28', '2024-05-22', 'SA-64539', 416.91, 2, 33.08, 34.75),
('ORD-866622', '2024-03-13', '2024-05-25', 'SA-41448', 477.39, 2, 37.75, 82.43),
('ORD-866687', '2024-06-27', '2024-03-01', 'SA-39024', 473.52, 3, 24.74, 51.93),
('ORD-866790', '2024-10-28', '2024-07-11', 'SA-35600', 277.20, 1, 16.69, 34.63),
('ORD-867230', '2024-04-14', '2024-01-02', 'SA-49759', 57.38, 5, 41.27, 71.43),
('ORD-868389', '2024-07-01', '2024-10-18', 'SA-45088', 78.67, 1, 39.17, 50.90),
('ORD-868911', '2024-01-20', '2024-07-28', 'SA-92232', 71.96, 4, 22.95, 10.97),
('ORD-869390', '2024-02-21', '2024-06-17', 'SA-35952', 52.23, 4, 13.35, 92.20),
('ORD-869694', '2024-12-14', '2024-04-19', 'SA-21404', 364.81, 1, 39.08, 13.93),
('ORD-870603', '2024-01-26', '2024-01-10', 'SA-52037', 480.50, 4, 43.71, 98.65),
('ORD-873923', '2024-06-09', '2024-04-14', 'SA-68330', 85.26, 2, 44.38, 77.49),
('ORD-874207', '2024-07-21', '2024-04-08', 'SA-50234', 354.90, 5, 32.31, 44.14),
('ORD-874498', '2024-12-01', '2024-03-09', 'SA-57397', 366.95, 2, 17.90, 29.42),
('ORD-875378', '2024-03-10', '2024-02-04', 'SA-72826', 215.22, 2, 36.54, 96.66),
('ORD-875921', '2024-11-07', '2024-12-17', 'SA-21404', 389.93, 1, 29.52, 44.64),
('ORD-876818', '2024-12-26', '2024-11-01', 'SA-69189', 175.10, 3, 35.16, 23.44),
('ORD-877361', '2024-06-14', '2024-02-18', 'SA-96416', 291.85, 4, 23.52, 64.79),
('ORD-877672', '2024-11-10', '2024-09-26', 'SA-69882', 77.08, 2, 20.10, 44.95),
('ORD-878097', '2024-12-19', '2024-10-02', 'SA-53199', 66.97, 4, 38.15, 64.57),
('ORD-880187', '2024-06-13', '2024-10-28', 'SA-15161', 184.12, 3, 24.07, 65.64),
('ORD-881856', '2024-10-26', '2024-05-25', 'SA-31378', 443.09, 1, 10.33, 43.95),
('ORD-881919', '2024-11-03', '2024-03-26', 'SA-11049', 309.25, 1, 17.86, 29.87),
('ORD-882302', '2024-09-03', '2024-02-03', 'SA-96002', 437.11, 4, 48.13, 22.25),
('ORD-882818', '2024-08-16', '2024-11-02', 'SA-63088', 442.55, 4, 27.47, 21.67),
('ORD-882893', '2024-07-14', '2024-09-07', 'SA-77235', 344.73, 5, 36.67, 83.56),
('ORD-885629', '2024-01-11', '2024-03-19', 'SA-21404', 140.23, 2, 6.99, 68.49),
('ORD-886821', '2024-07-23', '2024-11-20', 'SA-34614', 288.95, 2, 17.92, 63.41),
('ORD-887966', '2024-10-06', '2024-10-04', 'SA-42370', 415.30, 2, 44.26, 62.32),
('ORD-889563', '2024-01-20', '2024-04-06', 'SA-17278', 367.63, 1, 17.56, 16.01),
('ORD-889888', '2024-05-13', '2024-06-02', 'SA-70281', 352.87, 4, 33.81, 66.03),
('ORD-890193', '2024-09-08', '2024-04-21', 'SA-95669', 149.86, 3, 45.19, 17.45),
('ORD-891200', '2024-04-02', '2024-02-19', 'SA-59762', 83.69, 3, 43.63, 91.35),
('ORD-891398', '2024-01-28', '2024-08-25', 'SA-90799', 117.93, 3, 12.13, 18.39),
('ORD-891706', '2024-01-06', '2024-04-14', 'SA-95440', 442.37, 4, 20.62, 67.77),
('ORD-891717', '2024-09-10', '2024-07-14', 'SA-11247', 238.57, 2, 20.21, 45.00),
('ORD-892553', '2024-12-15', '2024-06-06', 'SA-30456', 278.56, 1, 31.53, 87.04),
('ORD-892592', '2024-04-18', '2024-06-02', 'SA-58473', 378.25, 3, 26.54, 14.87),
('ORD-892611', '2024-11-12', '2024-02-10', 'SA-74563', 489.37, 2, 38.65, 30.82),
('ORD-892963', '2024-05-23', '2024-12-04', 'SA-29666', 377.54, 5, 39.78, 99.88),
('ORD-893282', '2024-09-25', '2024-02-17', 'SA-53199', 254.52, 1, 14.83, 19.06),
('ORD-893621', '2024-10-20', '2024-09-21', 'SA-34614', 344.27, 1, 22.04, 82.33),
('ORD-894466', '2024-12-24', '2024-12-17', 'SA-26927', 118.20, 1, 17.22, 31.62),
('ORD-894510', '2024-05-03', '2024-05-13', 'SA-90160', 287.04, 1, 24.53, 66.87),
('ORD-895054', '2024-03-01', '2024-09-22', 'SA-61761', 264.87, 2, 47.81, 58.07),
('ORD-895182', '2024-11-23', '2024-07-16', 'SA-35600', 440.31, 2, 17.66, 31.61),
('ORD-898421', '2024-11-15', '2024-01-21', 'SA-38371', 56.82, 2, 24.69, 66.53),
('ORD-899481', '2024-10-04', '2024-07-20', 'SA-61971', 363.88, 5, 33.30, 39.78),
('ORD-899990', '2024-02-05', '2024-02-24', 'SA-47263', 169.90, 3, 36.01, 32.63),
('ORD-900197', '2024-02-21', '2024-08-07', 'SA-68005', 255.55, 4, 21.16, 16.50),
('ORD-901110', '2024-03-21', '2024-01-12', 'SA-93008', 462.54, 1, 12.39, 63.33),
('ORD-901256', '2024-01-03', '2024-09-22', 'SA-25678', 110.31, 3, 48.07, 44.37),
('ORD-902530', '2024-11-22', '2024-12-07', 'SA-94364', 476.83, 4, 16.13, 27.34),
('ORD-902850', '2024-10-15', '2024-04-15', 'SA-52346', 100.42, 2, 15.63, 36.36),
('ORD-903805', '2024-09-19', '2024-09-25', 'SA-48907', 480.35, 5, 31.73, 32.21),
('ORD-905171', '2024-03-20', '2024-07-08', 'SA-83972', 125.83, 4, 9.38, 55.31),
('ORD-905399', '2024-01-27', '2024-07-05', 'SA-11708', 321.49, 2, 33.20, 29.61),
('ORD-905559', '2024-04-16', '2024-05-13', 'SA-34659', 292.36, 3, 41.15, 83.65),
('ORD-906972', '2024-12-07', '2024-01-03', 'SA-94272', 182.08, 5, 17.83, 58.82),
('ORD-907796', '2024-09-03', '2024-08-11', 'SA-72559', 187.46, 4, 6.43, 49.34),
('ORD-908243', '2024-05-07', '2024-03-08', 'SA-65301', 413.01, 3, 12.84, 29.66),
('ORD-910186', '2024-02-04', '2024-05-13', 'SA-90367', 292.14, 4, 35.86, 47.76),
('ORD-910307', '2024-04-06', '2024-06-28', 'SA-38371', 297.27, 3, 34.37, 44.56),
('ORD-910560', '2024-05-17', '2024-11-20', 'SA-61868', 132.10, 4, 38.73, 97.07),
('ORD-911092', '2024-08-11', '2024-11-28', 'SA-83535', 310.84, 4, 14.60, 46.85),
('ORD-911875', '2024-09-18', '2024-05-06', 'SA-86953', 361.67, 3, 36.70, 69.00),
('ORD-912480', '2024-12-22', '2024-01-12', 'SA-44209', 51.52, 4, 45.81, 84.30),
('ORD-912958', '2024-08-28', '2024-09-06', 'SA-93453', 120.37, 4, 6.33, 15.27),
('ORD-913647', '2024-06-27', '2024-04-22', 'SA-80048', 78.26, 5, 47.50, 46.13),
('ORD-913852', '2024-10-24', '2024-11-02', 'SA-51247', 390.18, 1, 24.11, 18.70),
('ORD-916240', '2024-07-05', '2024-01-23', 'SA-32959', 289.88, 1, 22.71, 64.87),
('ORD-917517', '2024-11-05', '2024-07-15', 'SA-17647', 116.03, 4, 43.87, 25.98),
('ORD-918231', '2024-01-23', '2024-05-27', 'SA-41850', 426.41, 5, 14.67, 64.96),
('ORD-919170', '2024-05-24', '2024-07-02', 'SA-77239', 216.06, 3, 24.66, 27.83),
('ORD-919696', '2024-07-19', '2024-12-24', 'SA-88765', 264.74, 5, 11.06, 22.35),
('ORD-920211', '2024-03-23', '2024-02-06', 'SA-21518', 212.15, 5, 28.15, 97.82),
('ORD-920482', '2024-12-20', '2024-10-17', 'SA-82077', 488.37, 5, 43.98, 37.71),
('ORD-921893', '2024-07-08', '2024-05-17', 'SA-16552', 138.09, 3, 49.34, 98.15),
('ORD-921932', '2024-02-12', '2024-08-15', 'SA-34769', 189.51, 5, 13.16, 60.28),
('ORD-922868', '2024-11-26', '2024-07-21', 'SA-22571', 284.80, 5, 26.36, 29.04),
('ORD-923116', '2024-11-26', '2024-12-01', 'SA-27682', 303.41, 4, 29.16, 25.95),
('ORD-923335', '2024-02-01', '2024-07-25', 'SA-12240', 387.97, 1, 9.64, 73.71),
('ORD-923663', '2024-08-17', '2024-09-24', 'SA-45662', 494.76, 2, 10.46, 17.30),
('ORD-925084', '2024-11-22', '2024-12-15', 'SA-12683', 258.07, 4, 12.78, 50.03),
('ORD-925275', '2024-07-24', '2024-05-22', 'SA-54243', 438.76, 3, 18.52, 70.04),
('ORD-926218', '2024-12-20', '2024-05-06', 'SA-31511', 391.64, 1, 26.51, 17.18),
('ORD-926518', '2024-02-05', '2024-04-06', 'SA-49825', 313.42, 3, 30.18, 16.04),
('ORD-927928', '2024-09-19', '2024-08-23', 'SA-89763', 129.67, 2, 20.01, 23.54),
('ORD-928898', '2024-05-22', '2024-03-26', 'SA-72839', 392.21, 5, 41.34, 33.04),
('ORD-929210', '2024-10-23', '2024-05-11', 'SA-31378', 330.33, 2, 39.79, 79.09),
('ORD-929581', '2024-05-14', '2024-05-09', 'SA-85472', 483.34, 4, 45.60, 26.74),
('ORD-930434', '2024-11-24', '2024-11-05', 'SA-57679', 212.60, 2, 36.15, 90.21),
('ORD-930522', '2024-01-24', '2024-12-19', 'SA-66417', 157.87, 4, 14.73, 62.56),
('ORD-930527', '2024-09-04', '2024-06-13', 'SA-66423', 128.77, 4, 15.07, 80.25),
('ORD-932762', '2024-04-03', '2024-10-17', 'SA-81464', 352.28, 3, 29.02, 72.59),
('ORD-932870', '2024-07-26', '2024-12-13', 'SA-14190', 236.19, 1, 31.63, 66.56),
('ORD-932915', '2024-06-14', '2024-08-23', 'SA-56722', 284.44, 4, 22.02, 89.40),
('ORD-933116', '2024-08-01', '2024-04-11', 'SA-44973', 401.36, 5, 29.56, 78.93),
('ORD-933192', '2024-12-24', '2024-03-07', 'SA-46750', 462.52, 4, 33.01, 51.61),
('ORD-934239', '2024-03-05', '2024-03-23', 'SA-80885', 497.24, 3, 13.85, 84.24),
('ORD-934474', '2024-07-11', '2024-12-14', 'SA-42306', 275.49, 5, 44.54, 26.48),
('ORD-936295', '2024-04-14', '2024-06-10', 'SA-55487', 113.44, 4, 16.45, 95.70),
('ORD-936529', '2024-02-26', '2024-02-13', 'SA-60166', 147.70, 1, 26.03, 96.24),
('ORD-937430', '2024-03-14', '2024-05-24', 'SA-98715', 251.92, 3, 6.34, 99.42),
('ORD-937643', '2024-10-10', '2024-12-25', 'SA-31486', 108.80, 1, 31.00, 90.81),
('ORD-937653', '2024-07-28', '2024-10-11', 'SA-37529', 310.20, 3, 40.52, 97.68),
('ORD-939355', '2024-08-15', '2024-10-03', 'SA-13866', 115.05, 2, 14.68, 80.24),
('ORD-940209', '2024-10-06', '2024-06-02', 'SA-39891', 177.01, 1, 37.79, 23.53),
('ORD-940374', '2024-04-21', '2024-12-26', 'SA-67793', 473.16, 4, 20.91, 16.16),
('ORD-940621', '2024-10-15', '2024-03-23', 'SA-50335', 445.11, 1, 47.43, 74.56),
('ORD-941070', '2024-02-18', '2024-12-01', 'SA-49596', 224.64, 2, 23.46, 95.23),
('ORD-941100', '2024-10-28', '2024-10-03', 'SA-29591', 384.00, 4, 36.35, 65.28),
('ORD-945689', '2024-07-13', '2024-01-09', 'SA-53249', 72.75, 2, 26.04, 27.37),
('ORD-947399', '2024-05-12', '2024-01-03', 'SA-17368', 469.02, 3, 20.01, 25.41),
('ORD-950655', '2024-06-16', '2024-05-27', 'SA-64684', 68.37, 4, 28.00, 51.25),
('ORD-951464', '2024-03-17', '2024-11-08', 'SA-21032', 61.10, 3, 7.74, 21.98),
('ORD-951801', '2024-11-05', '2024-03-22', 'SA-73416', 331.69, 1, 41.16, 60.84),
('ORD-952391', '2024-02-03', '2024-05-15', 'SA-42519', 229.08, 3, 48.43, 18.07),
('ORD-952404', '2024-08-09', '2024-11-09', 'SA-80822', 50.75, 4, 38.37, 17.72),
('ORD-953031', '2024-12-13', '2024-04-13', 'SA-12045', 235.56, 3, 25.98, 36.71),
('ORD-953757', '2024-02-21', '2024-03-03', 'SA-52333', 498.82, 4, 45.39, 58.15),
('ORD-954478', '2024-04-24', '2024-02-12', 'SA-48707', 180.68, 1, 5.26, 22.97),
('ORD-954957', '2024-05-07', '2024-11-28', 'SA-41850', 170.58, 2, 19.16, 88.50),
('ORD-956001', '2024-06-15', '2024-04-16', 'SA-81138', 469.45, 4, 28.09, 38.59),
('ORD-956073', '2024-12-24', '2024-01-23', 'SA-53390', 361.95, 3, 24.82, 12.00),
('ORD-958565', '2024-01-10', '2024-10-13', 'SA-80822', 412.76, 1, 11.39, 90.38),
('ORD-959720', '2024-04-19', '2024-06-02', 'SA-94272', 65.24, 5, 6.46, 30.09),
('ORD-959996', '2024-06-01', '2024-12-24', 'SA-94138', 448.89, 4, 34.12, 38.84),
('ORD-960130', '2024-01-20', '2024-08-18', 'SA-62337', 367.01, 1, 5.10, 13.34),
('ORD-961198', '2024-07-11', '2024-09-25', 'SA-78492', 129.53, 4, 13.35, 34.25),
('ORD-962633', '2024-10-17', '2024-02-23', 'SA-66199', 314.51, 2, 22.17, 34.67),
('ORD-965395', '2024-01-13', '2024-02-09', 'SA-97142', 194.28, 4, 39.35, 64.66),
('ORD-967434', '2024-09-23', '2024-04-18', 'SA-86722', 417.81, 3, 20.30, 74.44),
('ORD-968129', '2024-07-21', '2024-09-07', 'SA-24156', 95.39, 5, 5.49, 92.88),
('ORD-971385', '2024-05-02', '2024-07-17', 'SA-94323', 240.51, 2, 24.98, 83.16),
('ORD-971745', '2024-11-16', '2024-12-10', 'SA-55487', 466.79, 5, 5.08, 41.93),
('ORD-971795', '2024-06-28', '2024-12-10', 'SA-95440', 316.18, 3, 32.69, 13.07),
('ORD-972133', '2024-03-03', '2024-02-17', 'SA-66423', 428.17, 3, 22.76, 78.06),
('ORD-973806', '2024-09-01', '2024-06-18', 'SA-84219', 154.09, 5, 22.45, 62.55),
('ORD-974986', '2024-09-12', '2024-05-23', 'SA-98715', 205.36, 1, 34.57, 10.34),
('ORD-975071', '2024-12-03', '2024-09-10', 'SA-63088', 488.33, 2, 18.07, 21.14),
('ORD-975459', '2024-12-11', '2024-05-05', 'SA-98715', 331.93, 2, 5.01, 72.40),
('ORD-975741', '2024-02-04', '2024-02-08', 'SA-74307', 66.85, 5, 43.52, 32.08),
('ORD-976276', '2024-09-13', '2024-01-05', 'SA-77576', 76.53, 1, 9.59, 64.39),
('ORD-976598', '2024-12-20', '2024-02-25', 'SA-49332', 137.36, 5, 9.47, 99.14),
('ORD-976809', '2024-07-01', '2024-03-28', 'SA-42519', 489.16, 2, 16.93, 74.06),
('ORD-977313', '2024-12-27', '2024-10-20', 'SA-25299', 240.31, 3, 36.13, 48.78),
('ORD-977346', '2024-02-05', '2024-06-04', 'SA-81530', 461.57, 3, 42.05, 77.16),
('ORD-978292', '2024-02-07', '2024-05-07', 'SA-86584', 416.98, 5, 29.83, 69.72),
('ORD-978510', '2024-04-06', '2024-08-04', 'SA-48907', 389.29, 4, 10.52, 41.13),
('ORD-980230', '2024-10-08', '2024-06-13', 'SA-59506', 430.13, 2, 8.98, 76.66),
('ORD-980706', '2024-02-18', '2024-11-04', 'SA-33465', 224.69, 5, 16.60, 20.13),
('ORD-980760', '2024-01-14', '2024-09-18', 'SA-17121', 129.23, 5, 25.63, 94.00),
('ORD-981007', '2024-12-06', '2024-01-02', 'SA-90790', 146.94, 3, 12.42, 81.93),
('ORD-981176', '2024-12-06', '2024-09-28', 'SA-35311', 207.58, 1, 42.91, 10.03),
('ORD-982157', '2024-03-08', '2024-11-08', 'SA-91501', 267.83, 3, 22.33, 12.15),
('ORD-983952', '2024-02-07', '2024-02-01', 'SA-49149', 309.77, 1, 21.45, 40.71),
('ORD-984232', '2024-06-20', '2024-12-07', 'SA-65478', 109.58, 1, 24.74, 11.90),
('ORD-984446', '2024-04-25', '2024-04-16', 'SA-81393', 247.36, 4, 9.71, 81.77),
('ORD-984992', '2024-05-20', '2024-09-24', 'SA-83535', 250.96, 1, 6.44, 79.59),
('ORD-985713', '2024-11-16', '2024-02-15', 'SA-89763', 151.50, 1, 45.42, 13.73),
('ORD-986167', '2024-04-21', '2024-06-16', 'SA-31486', 310.93, 3, 34.39, 21.95),
('ORD-986247', '2024-08-04', '2024-05-13', 'SA-43272', 128.61, 2, 32.64, 63.31),
('ORD-987604', '2024-07-11', '2024-02-23', 'SA-33592', 114.41, 1, 49.98, 17.47),
('ORD-988572', '2024-03-22', '2024-12-14', 'SA-33592', 406.27, 5, 48.56, 16.79),
('ORD-989305', '2024-10-10', '2024-04-26', 'SA-98715', 384.24, 1, 37.63, 58.12),
('ORD-989831', '2024-05-24', '2024-04-05', 'SA-81718', 420.73, 4, 27.38, 89.50),
('ORD-990768', '2024-07-11', '2024-02-03', 'SA-89283', 309.92, 2, 36.51, 81.41),
('ORD-991370', '2024-12-14', '2024-09-10', 'SA-55677', 261.53, 2, 28.70, 68.17),
('ORD-991583', '2024-07-27', '2024-11-23', 'SA-41147', 259.19, 4, 28.08, 95.55),
('ORD-992669', '2024-03-04', '2024-02-04', 'SA-62067', 465.99, 5, 45.51, 20.47),
('ORD-992707', '2024-03-07', '2024-10-09', 'SA-63910', 254.87, 1, 49.36, 70.95),
('ORD-993076', '2024-01-04', '2024-09-08', 'SA-72826', 74.69, 2, 21.87, 19.97),
('ORD-994888', '2024-03-15', '2024-04-12', 'SA-12610', 393.27, 4, 23.61, 47.53),
('ORD-995158', '2024-08-14', '2024-02-07', 'SA-15995', 72.87, 5, 49.64, 86.39),
('ORD-995663', '2024-05-04', '2024-04-23', 'SA-52679', 430.74, 1, 18.59, 41.07),
('ORD-995935', '2024-07-26', '2024-12-21', 'SA-34659', 397.45, 1, 42.34, 91.67),
('ORD-996498', '2024-06-11', '2024-05-18', 'SA-34769', 371.19, 2, 31.28, 76.76),
('ORD-997450', '2024-04-14', '2024-09-28', 'SA-90790', 469.27, 5, 41.14, 28.48),
('ORD-997997', '2024-11-06', '2024-02-08', 'SA-41448', 382.05, 5, 48.80, 30.73),
('ORD-998248', '2024-04-22', '2024-09-11', 'SA-38761', 216.54, 1, 14.24, 42.24),
('ORD-998555', '2024-07-02', '2024-09-04', 'SA-72283', 175.04, 3, 43.99, 78.25),
('ORD-999356', '2024-11-25', '2024-11-22', 'SA-60937', 169.82, 1, 29.83, 28.57),
('ORD-999906', '2024-05-05', '2024-04-21', 'SA-19822', 495.16, 5, 45.30, 59.07);

-- --------------------------------------------------------

--
-- Table structure for table `sides`
--

CREATE TABLE `sides`
(
  `SideID` int
(11) NOT NULL,
  `SideName` varchar
(100) NOT NULL
) ENGINE=InnoDB DEFAULT CHARSET=utf8mb4 COLLATE=utf8mb4_general_ci;

--
-- Dumping data for table `sides`
--

INSERT INTO `sides` (`
SideID`,
`SideName
`) VALUES
(1, 'French Fries'),
(2, 'Coleslaw'),
(3, 'Mashed Potatoes'),
(4, 'Garlic Bread'),
(5, 'Rice');

-- --------------------------------------------------------

--
-- Table structure for table `starters`
--

CREATE TABLE `starters`
(
  `StarterID` int
(11) NOT NULL,
  `StarterName` varchar
(100) NOT NULL
) ENGINE=InnoDB DEFAULT CHARSET=utf8mb4 COLLATE=utf8mb4_general_ci;

--
-- Dumping data for table `starters`
--

INSERT INTO `starters` (`
StarterID`,
`StarterName
`) VALUES
(1, 'Hummus'),
(2, 'Tabbouleh'),
(3, 'Spring Rolls'),
(4, 'Bruschetta'),
(5, 'Mozzarella Sticks');

--
-- Indexes for dumped tables
--

--
-- Indexes for table `courses`
--
ALTER TABLE `courses`
ADD PRIMARY KEY
(`CourseID`),
ADD KEY `CuisineID`
(`CuisineID`);

--
-- Indexes for table `cuisines`
--
ALTER TABLE `cuisines`
ADD PRIMARY KEY
(`CuisineID`);

--
-- Indexes for table `customers`
--
ALTER TABLE `customers`
ADD PRIMARY KEY
(`CustomerID`);

--
-- Indexes for table `desserts`
--
ALTER TABLE `desserts`
ADD PRIMARY KEY
(`DessertID`);

--
-- Indexes for table `drinks`
--
ALTER TABLE `drinks`
ADD PRIMARY KEY
(`DrinkID`);

--
-- Indexes for table `orderdetails`
--
ALTER TABLE `orderdetails`
ADD PRIMARY KEY
(`OrderDetailID`),
ADD KEY `OrderID`
(`OrderID`),
ADD KEY `CourseID`
(`CourseID`),
ADD KEY `StarterID`
(`StarterID`),
ADD KEY `DessertID`
(`DessertID`),
ADD KEY `DrinkID`
(`DrinkID`),
ADD KEY `SideID`
(`SideID`);

--
-- Indexes for table `orders`
--
ALTER TABLE `orders`
ADD PRIMARY KEY
(`OrderID`),
ADD KEY `CustomerID`
(`CustomerID`);

--
-- Indexes for table `sides`
--
ALTER TABLE `sides`
ADD PRIMARY KEY
(`SideID`);

--
-- Indexes for table `starters`
--
ALTER TABLE `starters`
ADD PRIMARY KEY
(`StarterID`);

--
-- AUTO_INCREMENT for dumped tables
--

--
-- AUTO_INCREMENT for table `courses`
--
ALTER TABLE `courses`
  MODIFY `CourseID` int
(11) NOT NULL AUTO_INCREMENT, AUTO_INCREMENT=51;

--
-- AUTO_INCREMENT for table `cuisines`
--
ALTER TABLE `cuisines`
  MODIFY `CuisineID` int
(11) NOT NULL AUTO_INCREMENT, AUTO_INCREMENT=10;

--
-- AUTO_INCREMENT for table `desserts`
--
ALTER TABLE `desserts`
  MODIFY `DessertID` int
(11) NOT NULL AUTO_INCREMENT, AUTO_INCREMENT=6;

--
-- AUTO_INCREMENT for table `drinks`
--
ALTER TABLE `drinks`
  MODIFY `DrinkID` int
(11) NOT NULL AUTO_INCREMENT, AUTO_INCREMENT=6;

--
-- AUTO_INCREMENT for table `orderdetails`
--
ALTER TABLE `orderdetails`
  MODIFY `OrderDetailID` int
(11) NOT NULL AUTO_INCREMENT, AUTO_INCREMENT=2001;

--
-- AUTO_INCREMENT for table `sides`
--
ALTER TABLE `sides`
  MODIFY `SideID` int
(11) NOT NULL AUTO_INCREMENT, AUTO_INCREMENT=6;

--
-- AUTO_INCREMENT for table `starters`
--
ALTER TABLE `starters`
  MODIFY `StarterID` int
(11) NOT NULL AUTO_INCREMENT, AUTO_INCREMENT=6;

--
-- Constraints for dumped tables
--

--
-- Constraints for table `courses`
--
ALTER TABLE `courses`
ADD CONSTRAINT `courses_ibfk_1` FOREIGN KEY
(`CuisineID`) REFERENCES `cuisines`
(`CuisineID`);

--
-- Constraints for table `orderdetails`
--
ALTER TABLE `orderdetails`
ADD CONSTRAINT `orderdetails_ibfk_1` FOREIGN KEY
(`OrderID`) REFERENCES `orders`
(`OrderID`),
ADD CONSTRAINT `orderdetails_ibfk_2` FOREIGN KEY
(`CourseID`) REFERENCES `courses`
(`CourseID`),
ADD CONSTRAINT `orderdetails_ibfk_3` FOREIGN KEY
(`StarterID`) REFERENCES `starters`
(`StarterID`),
ADD CONSTRAINT `orderdetails_ibfk_4` FOREIGN KEY
(`DessertID`) REFERENCES `desserts`
(`DessertID`),
ADD CONSTRAINT `orderdetails_ibfk_5` FOREIGN KEY
(`DrinkID`) REFERENCES `drinks`
(`DrinkID`),
ADD CONSTRAINT `orderdetails_ibfk_6` FOREIGN KEY
(`SideID`) REFERENCES `sides`
(`SideID`);

--
-- Constraints for table `orders`
--
ALTER TABLE `orders`
ADD CONSTRAINT `orders_ibfk_1` FOREIGN KEY
(`CustomerID`) REFERENCES `customers`
(`CustomerID`);
COMMIT;

/*!40101 SET CHARACTER_SET_CLIENT=@OLD_CHARACTER_SET_CLIENT */;
/*!40101 SET CHARACTER_SET_RESULTS=@OLD_CHARACTER_SET_RESULTS */;
/*!40101 SET COLLATION_CONNECTION=@OLD_COLLATION_CONNECTION */;
